"season","date","gameId","eventId","period","periodType","time","aScore","hScore","aSkaters","hSkaters","hZone","locX","locY","desc","type","subtype","team","teamIceSit","p1","p2","p3","p1Role","p2Role","p3Role","aS1","aS2","aS3","aS4","aS5","aS6","aG","hS1","hS2","hS3","hS4","hS5","hS6","hG"
20152016,20160531,30411,1,1,"regular",0,0,0,NULL,NULL,NULL,NULL,NULL,"Game Scheduled","game_scheduled",NULL,NULL,NULL,NULL,NULL,NULL,NULL,NULL,NULL,NULL,NULL,NULL,NULL,NULL,NULL,NULL,NULL,NULL,NULL,NULL,NULL,NULL,NULL
20152016,20160531,30411,0,1,"regular",0,0,0,NULL,NULL,NULL,NULL,NULL,"Period Ready","period_ready",NULL,NULL,NULL,NULL,NULL,NULL,NULL,NULL,NULL,NULL,NULL,NULL,NULL,NULL,NULL,NULL,NULL,NULL,NULL,NULL,NULL,NULL,NULL
20152016,20160531,30411,2,1,"regular",0,0,0,NULL,NULL,NULL,NULL,NULL,"Period Start","period_start",NULL,NULL,NULL,NULL,NULL,NULL,NULL,NULL,NULL,NULL,NULL,NULL,NULL,NULL,NULL,NULL,NULL,NULL,NULL,NULL,NULL,NULL,NULL
20152016,20160531,30411,3,1,"regular",0,0,0,5,5,"n",0,1,"Joe Pavelski faceoff won against Sidney Crosby","faceoff",NULL,"sjs","away",8470794,8471675,NULL,"winner","loser",NULL,8470794,8476881,8470613,8466138,8468542,NULL,8474889,8475208,8471724,8470543,8471887,8471675,NULL,8476899
20152016,20160531,30411,4,1,"regular",9,0,0,5,5,NULL,NULL,NULL,"Puck in Benches","stop",NULL,NULL,NULL,NULL,NULL,NULL,NULL,NULL,NULL,8470794,8476881,8470613,8466138,8468542,NULL,8474889,8475208,8471724,8470543,8471887,8471675,NULL,8476899
20152016,20160531,30411,5,1,"regular",9,0,0,5,5,"n",-19,23,"Logan Couture faceoff won against Sidney Crosby","faceoff",NULL,"sjs","away",8474053,8471675,NULL,"winner","loser",NULL,8474053,8474027,8475820,8466139,8471709,NULL,8474889,8475208,8471724,8470543,8471887,8471675,NULL,8476899
20152016,20160531,30411,6,1,"regular",24,0,0,5,5,"d",-97,21,"Logan Couture hit Sidney Crosby","hit",NULL,"sjs","away",8471675,8474053,NULL,"hittee","hitter",NULL,8474053,8474027,8475820,8466139,8471709,NULL,8474889,8475208,8471724,8470543,8471887,8471675,NULL,8476899
20152016,20160531,30411,7,1,"regular",43,0,0,5,5,"o",45,-8,"Ben Lovejoy - Wide of Net","missed_shot",NULL,"pit","home",8473933,NULL,NULL,"shooter",NULL,NULL,8474053,8474027,8475820,8466139,8471709,NULL,8474889,8474176,8476874,8473548,8473933,8471675,NULL,8476899
20152016,20160531,30411,8,1,"regular",55,0,0,5,5,"o",82,39,"Nick Bonino","giveaway",NULL,"pit","home",8474009,NULL,NULL,"giver",NULL,NULL,8470794,8476881,8466138,8471709,8468542,NULL,8474889,8474176,8476874,8473548,8473933,8474009,NULL,8476899
20152016,20160531,30411,9,1,"regular",64,0,0,5,5,"d",-60,13,"Joe Pavelski - Wide of Net","missed_shot",NULL,"sjs","away",8470794,NULL,NULL,"shooter",NULL,NULL,8470794,8476881,8470613,8466138,8468542,NULL,8474889,8474176,8476874,8473548,8473933,8474009,NULL,8476899
20152016,20160531,30411,10,1,"regular",69,0,0,5,5,NULL,NULL,NULL,"Puck in Netting","stop",NULL,NULL,NULL,NULL,NULL,NULL,NULL,NULL,NULL,8470794,8476881,8470613,8466138,8468542,NULL,8474889,8474176,8476874,8473548,8473933,8474009,NULL,8476899
20152016,20160531,30411,11,1,"regular",69,0,0,5,5,"d",-69,22,"Joe Pavelski faceoff won against Matt Cullen","faceoff",NULL,"sjs","away",8470794,8464989,NULL,"winner","loser",NULL,8470794,8476881,8470613,8466138,8468542,NULL,8474889,8475208,8471724,8470611,8475832,8464989,NULL,8476899
20152016,20160531,30411,12,1,"regular",92,0,0,5,5,"o",50,14,"Matt Cullen Wrist Shot saved by Martin Jones","shot","wrist shot","pit","home",8464989,8474889,NULL,"shooter","goalie",NULL,8470794,8476881,8470613,8466138,8468542,NULL,8474889,8475208,8471724,8470611,8475832,8464989,NULL,8476899
20152016,20160531,30411,13,1,"regular",93,0,0,5,5,NULL,NULL,NULL,"Puck Frozen","stop",NULL,NULL,NULL,NULL,NULL,NULL,NULL,NULL,NULL,8470794,8476881,8470613,8466138,8468542,NULL,8474889,8475208,8471724,8470611,8475832,8464989,NULL,8476899
20152016,20160531,30411,14,1,"regular",93,0,0,5,5,"o",69,22,"Joel Ward faceoff won against Evgeni Malkin","faceoff",NULL,"sjs","away",8468208,8471215,NULL,"winner","loser",NULL,8477922,8474027,8468208,8476919,8471709,NULL,8474889,8475810,8474602,8471215,8470543,8474013,NULL,8476899
20152016,20160531,30411,15,1,"regular",135,0,0,5,5,"n",24,-25,"Chris Kunitz hit Dainius Zubrus","hit",NULL,"pit","home",8464977,8470543,NULL,"hittee","hitter",NULL,8471392,8474096,8464977,8474739,8475455,NULL,8474889,8477839,8473933,8470543,8471215,8474013,NULL,8476899
20152016,20160531,30411,16,1,"regular",138,0,0,5,5,"o",57,4,"Roman Polak blocked shot from Conor Sheary","blocked_shot",NULL,"pit","home",8471392,8477839,NULL,"blocker","shooter",NULL,8471392,8474096,8464977,8474739,8475455,NULL,8474889,8477839,8473933,8470543,8471215,8474013,NULL,8476899
20152016,20160531,30411,17,1,"regular",147,0,0,5,5,"d",-94,-12,"Tommy Wingels hit Olli Maatta","hit",NULL,"sjs","away",8476874,8474739,NULL,"hittee","hitter",NULL,8474027,8474096,8464977,8474739,8471709,NULL,8474889,8476874,8477839,8473933,8471215,8471675,NULL,8476899
20152016,20160531,30411,18,1,"regular",150,0,0,5,5,"d",-96,3,"Nick Spaling hit Ben Lovejoy","hit",NULL,"sjs","away",8473933,8474096,NULL,"hittee","hitter",NULL,8474027,8474096,8464977,8474739,8471709,NULL,8474889,8474176,8476874,8473933,8477839,8471675,NULL,8476899
20152016,20160531,30411,19,1,"regular",155,0,0,5,5,"d",-39,30,"Justin Braun - Wide of Net","missed_shot",NULL,"sjs","away",8474027,NULL,NULL,"shooter",NULL,NULL,8474027,8474096,8464977,8474739,8471709,NULL,8474889,8474176,8476874,8473933,8477839,8471675,NULL,8476899
20152016,20160531,30411,20,1,"regular",156,0,0,5,5,"d",-69,36,"Dainius Zubrus hit Sidney Crosby","hit",NULL,"sjs","away",8471675,8464977,NULL,"hittee","hitter",NULL,8474027,8474096,8464977,8474739,8471709,NULL,8474889,8474176,8476874,8473933,8477839,8471675,NULL,8476899
20152016,20160531,30411,21,1,"regular",162,0,0,5,5,"d",-97,3,"Olli Maatta hit Tommy Wingels","hit",NULL,"pit","home",8474739,8476874,NULL,"hittee","hitter",NULL,8474027,8474096,8464977,8474739,8471709,NULL,8474889,8474176,8476874,8473933,8477839,8471675,NULL,8476899
20152016,20160531,30411,22,1,"regular",165,0,0,5,5,"d",-79,18,"Olli Maatta blocked shot from Tommy Wingels","blocked_shot",NULL,"sjs","away",8476874,8474739,NULL,"blocker","shooter",NULL,8474027,8474096,8464977,8474739,8471709,NULL,8474889,8474176,8476874,8473933,8477839,8471675,NULL,8476899
20152016,20160531,30411,23,1,"regular",174,0,0,5,5,"n",1,-41,"Carl Hagelin hit Marc-Edouard Vlasic","hit",NULL,"pit","home",8471709,8474176,NULL,"hittee","hitter",NULL,8474053,8474027,8475820,8466139,8471709,NULL,8474889,8474176,8475208,8471724,8477839,8471675,NULL,8476899
20152016,20160531,30411,24,1,"regular",205,0,0,5,5,"d",-57,-28,"Bryan Rust blocked shot from Paul Martin","blocked_shot",NULL,"sjs","away",8475810,8468542,NULL,"blocker","shooter",NULL,8474053,8475820,8466139,8468542,8475455,NULL,8474889,8475810,8475208,8471724,8471215,8470543,NULL,8476899
20152016,20160531,30411,25,1,"regular",212,0,0,5,5,"o",99,19,"Brenden Dillon hit Evgeni Malkin","hit",NULL,"sjs","away",8471215,8475455,NULL,"hittee","hitter",NULL,8474053,8475820,8466139,8468542,8475455,NULL,8474889,8474176,8475810,8471724,8473933,8471215,NULL,8476899
20152016,20160531,30411,26,1,"regular",241,0,0,5,5,"o",63,10,"Justin Braun blocked shot from Nick Bonino","blocked_shot",NULL,"pit","home",8474027,8474009,NULL,"blocker","shooter",NULL,8471392,8470794,8474027,8476881,8466138,NULL,8474889,8474176,8475208,8476874,8473548,8474009,NULL,8476899
20152016,20160531,30411,27,1,"regular",247,0,0,5,5,"o",82,30,"Carl Hagelin - Wide of Net","missed_shot",NULL,"pit","home",8474176,NULL,NULL,"shooter",NULL,NULL,8471392,8470794,8474027,8476881,8466138,NULL,8474889,8474176,8475208,8476874,8473548,8474009,NULL,8476899
20152016,20160531,30411,28,1,"regular",257,0,0,5,5,"d",-40,30,"Justin Braun Snap Shot saved by Matthew Murray","shot","snap shot","sjs","away",8474027,8476899,NULL,"shooter","goalie",NULL,8471392,8470794,8474027,8476881,8466138,NULL,8474889,8474176,8475208,8476874,8473548,8474009,NULL,8476899
20152016,20160531,30411,29,1,"regular",258,0,0,5,5,NULL,NULL,NULL,"Goalie Stopped","stop",NULL,NULL,NULL,NULL,NULL,NULL,NULL,NULL,NULL,8471392,8470794,8474027,8476881,8466138,NULL,8474889,8474176,8475208,8476874,8473548,8474009,NULL,8476899
20152016,20160531,30411,30,1,"regular",258,0,0,5,5,"d",-69,22,"Joe Pavelski faceoff won against Matt Cullen","faceoff",NULL,"sjs","away",8470794,8464989,NULL,"winner","loser",NULL,8470794,8476881,8466138,8471709,8475455,NULL,8474889,8475208,8471724,8470611,8475832,8464989,NULL,8476899
20152016,20160531,30411,31,1,"regular",274,0,0,5,5,"d",-40,8,"Tom Kuhnhackl blocked shot from Brenden Dillon","blocked_shot",NULL,"sjs","away",8475832,8475455,NULL,"blocker","shooter",NULL,8470794,8476881,8466138,8471709,8475455,NULL,8474889,8475208,8471724,8470611,8475832,8464989,NULL,8476899
20152016,20160531,30411,32,1,"regular",283,0,0,5,5,"d",-64,-3,"Matt Cullen blocked shot from Marc-Edouard Vlasic","blocked_shot",NULL,"sjs","away",8464989,8471709,NULL,"blocker","shooter",NULL,8470794,8476881,8466138,8471709,8475455,NULL,8474889,8475208,8471724,8470611,8475832,8464989,NULL,8476899
20152016,20160531,30411,33,1,"regular",290,0,0,5,5,"o",87,40,"Eric Fehr hit Marc-Edouard Vlasic","hit",NULL,"pit","home",8471709,8470611,NULL,"hittee","hitter",NULL,8468208,8476881,8476919,8471709,8475455,NULL,8474889,8474602,8474013,8470611,8475832,8464989,NULL,8476899
20152016,20160531,30411,34,1,"regular",307,0,0,5,5,"d",-37,36,"Ian Cole","giveaway",NULL,"pit","home",8474013,NULL,NULL,"giver",NULL,NULL,8477922,8468208,8476919,8468542,8475455,NULL,8474889,8474602,8477839,8471887,8471675,8474013,NULL,8476899
20152016,20160531,30411,35,1,"regular",329,0,0,5,5,"o",78,1,"Patric Hornqvist Wrist Shot saved by Martin Jones","shot","wrist shot","pit","home",8471887,8474889,NULL,"shooter","goalie",NULL,8477922,8474027,8468208,8476919,8468542,NULL,8474889,8474602,8477839,8471887,8471675,8474013,NULL,8476899
20152016,20160531,30411,36,1,"regular",339,0,0,5,5,"o",83,-40,"Paul Martin hit Conor Sheary","hit",NULL,"sjs","away",8477839,8468542,NULL,"hittee","hitter",NULL,8477922,8474027,8468208,8476919,8468542,NULL,8474889,8474602,8477839,8471887,8471675,8474013,NULL,8476899
20152016,20160531,30411,37,1,"regular",356,0,0,5,5,"o",84,-8,"Sidney Crosby Wrist Shot saved by Martin Jones","shot","wrist shot","pit","home",8471675,8474889,NULL,"shooter","goalie",NULL,8477922,8474027,8468208,8476919,8468542,NULL,8474889,8474602,8477839,8471887,8471675,8474013,NULL,8476899
20152016,20160531,30411,38,1,"regular",365,0,0,5,5,"n",10,39,"Ian Cole hit Joel Ward","hit",NULL,"pit","home",8468208,8474013,NULL,"hittee","hitter",NULL,8477922,8474027,8468208,8476919,8468542,NULL,8474889,8470543,8474602,8471887,8471675,8474013,NULL,8476899
20152016,20160531,30411,39,1,"regular",393,0,0,5,5,"d",-58,-5,"Nick Spaling Wrist Shot saved by Matthew Murray","shot","wrist shot","sjs","away",8474096,8476899,NULL,"shooter","goalie",NULL,8471392,8474096,8464977,8474739,8471709,NULL,8474889,8475810,8476874,8473933,8470543,8471215,NULL,8476899
20152016,20160531,30411,40,1,"regular",400,0,0,5,5,"d",-67,39,"Dainius Zubrus hit Ben Lovejoy","hit",NULL,"sjs","away",8473933,8464977,NULL,"hittee","hitter",NULL,8471392,8474096,8464977,8474739,8471709,NULL,8474889,8475810,8476874,8473933,8470543,8471215,NULL,8476899
20152016,20160531,30411,41,1,"regular",408,0,0,5,5,"n",-11,-40,"Carl Hagelin hit Marc-Edouard Vlasic","hit",NULL,"pit","home",8471709,8474176,NULL,"hittee","hitter",NULL,8474053,8475820,8466139,8471709,8475455,NULL,8474889,8474176,8475208,8471724,8473548,8474009,NULL,8476899
20152016,20160531,30411,42,1,"regular",426,0,0,5,5,"d",-68,12,"Nick Bonino blocked shot from Justin Braun","blocked_shot",NULL,"sjs","away",8474009,8474027,NULL,"blocker","shooter",NULL,8474053,8474027,8475820,8466139,8475455,NULL,8474889,8474176,8475208,8471724,8473548,8474009,NULL,8476899
20152016,20160531,30411,43,1,"regular",452,0,0,5,5,"d",-55,12,"Tom Kuhnhackl blocked shot from Roman Polak","blocked_shot",NULL,"sjs","away",8475832,8471392,NULL,"blocker","shooter",NULL,8471392,8470794,8476881,8466138,8468542,NULL,8474889,8476874,8473548,8473933,8475832,8464989,NULL,8476899
20152016,20160531,30411,44,1,"regular",492,0,0,5,5,"d",-80,39,"Kris Letang hit Chris Tierney","hit",NULL,"pit","home",8476919,8471724,NULL,"hittee","hitter",NULL,8477922,8468208,8476919,8471709,8475455,NULL,8474889,8475208,8471724,8477839,8471887,8471675,NULL,8476899
20152016,20160531,30411,45,1,"regular",518,0,0,5,5,NULL,NULL,NULL,"Icing","stop",NULL,NULL,NULL,NULL,NULL,NULL,NULL,NULL,NULL,8474096,8464977,8474739,8471709,8475455,NULL,8474889,8475810,8474602,8471215,8470543,8474013,NULL,8476899
20152016,20160531,30411,46,1,"regular",518,0,0,5,5,"o",69,22,"Nick Spaling faceoff won against Evgeni Malkin","faceoff",NULL,"sjs","away",8474096,8471215,NULL,"winner","loser",NULL,8474096,8464977,8474739,8471709,8475455,NULL,8474889,8475810,8474602,8471215,8470543,8474013,NULL,8476899
20152016,20160531,30411,47,1,"regular",533,0,0,5,5,"o",61,38,"Dainius Zubrus hit Ian Cole","hit",NULL,"sjs","away",8474013,8464977,NULL,"hittee","hitter",NULL,8474096,8464977,8474739,8471709,8475455,NULL,8474889,8475810,8474602,8471215,8470543,8474013,NULL,8476899
20152016,20160531,30411,48,1,"regular",534,0,0,5,5,"o",42,39,"Dainius Zubrus Hi-sticking against Ian Cole -- minor -- 2","penalty","hi-sticking","sjs","away",8464977,8474013,NULL,"penaltyon","drewby",NULL,8474096,8464977,8474739,8471709,8475455,NULL,8474889,8475810,8474602,8471215,8470543,8474013,NULL,8476899
20152016,20160531,30411,49,1,"regular",534,0,0,5,5,NULL,NULL,NULL,"TV timeout","stop",NULL,NULL,NULL,NULL,NULL,NULL,NULL,NULL,NULL,8474096,8464977,8474739,8471709,8475455,NULL,8474889,8475810,8474602,8471215,8470543,8474013,NULL,8476899
20152016,20160531,30411,50,1,"regular",534,0,0,4,5,"o",69,-23,"Sidney Crosby faceoff won against Chris Tierney","faceoff",NULL,"pit","home",8471675,8476919,NULL,"winner","loser",NULL,8477922,8470613,8468542,8476919,NULL,NULL,8474889,8471724,8473548,8471215,8471887,8471675,NULL,8476899
20152016,20160531,30411,51,1,"regular",544,0,0,4,5,"o",35,-7,"Evgeni Malkin - Wide of Net","missed_shot",NULL,"pit","home",8471215,NULL,NULL,"shooter",NULL,NULL,8477922,8470613,8468542,8476919,NULL,NULL,8474889,8471724,8473548,8471215,8471887,8471675,NULL,8476899
20152016,20160531,30411,52,1,"regular",575,0,0,4,5,"o",79,14,"Sidney Crosby Wrist Shot saved by Martin Jones","shot","wrist shot","pit","home",8471675,8474889,NULL,"shooter","goalie",NULL,8474096,8474053,8468542,8470613,NULL,NULL,8474889,8471724,8473548,8471215,8471887,8471675,NULL,8476899
20152016,20160531,30411,53,1,"regular",576,0,0,4,5,NULL,NULL,NULL,"Goalie Stopped","stop",NULL,NULL,NULL,NULL,NULL,NULL,NULL,NULL,NULL,8474096,8474053,8468542,8470613,NULL,NULL,8474889,8471724,8473548,8471215,8471887,8471675,NULL,8476899
20152016,20160531,30411,54,1,"regular",576,0,0,4,5,"o",69,22,"Sidney Crosby faceoff won against Joel Ward","faceoff",NULL,"pit","home",8471675,8468208,NULL,"winner","loser",NULL,8468208,8474027,8471709,8466139,NULL,NULL,8474889,8471724,8473548,8471215,8471887,8471675,NULL,8476899
20152016,20160531,30411,55,1,"regular",588,0,0,4,5,"o",80,2,"Patric Hornqvist Tip-In saved by Martin Jones","shot","tip-in","pit","home",8471887,8474889,NULL,"shooter","goalie",NULL,8468208,8474027,8471709,8466139,NULL,NULL,8474889,8471724,8473548,8471215,8471887,8471675,NULL,8476899
20152016,20160531,30411,56,1,"regular",605,0,0,4,5,"o",44,-2,"Patrick Marleau","takeaway",NULL,"sjs","away",8466139,NULL,NULL,"taker",NULL,NULL,8468208,8474027,8471709,8466139,NULL,NULL,8474889,8471724,8473548,8471215,8471887,8471675,NULL,8476899
20152016,20160531,30411,57,1,"regular",626,0,0,4,5,"o",40,-9,"Brian Dumoulin - Wide of Net","missed_shot",NULL,"pit","home",8475208,NULL,NULL,"shooter",NULL,NULL,8477922,8470613,8468542,8476919,NULL,NULL,8474889,8475208,8474602,8477839,8474009,8470543,NULL,8476899
20152016,20160531,30411,58,1,"regular",645,0,0,4,5,"o",77,-15,"Nick Bonino Wrist Shot saved by Martin Jones","shot","wrist shot","pit","home",8474009,8474889,NULL,"shooter","goalie",NULL,8477922,8470613,8468542,8476919,NULL,NULL,8474889,8475208,8474602,8477839,8474009,8470543,NULL,8476899
20152016,20160531,30411,59,1,"regular",645,0,0,4,5,"o",32,26,"Justin Schultz Slap Shot saved by Martin Jones","shot","slap shot","pit","home",8474602,8474889,NULL,"shooter","goalie",NULL,8477922,8470613,8468542,8476919,NULL,NULL,8474889,8475208,8474602,8477839,8474009,8470543,NULL,8476899
20152016,20160531,30411,60,1,"regular",647,0,0,4,5,"o",85,41,"Chris Kunitz hit Paul Martin","hit",NULL,"pit","home",8468542,8470543,NULL,"hittee","hitter",NULL,8477922,8470613,8468542,8476919,NULL,NULL,8474889,8475208,8474602,8477839,8474009,8470543,NULL,8476899
20152016,20160531,30411,61,1,"regular",654,0,0,4,5,"o",66,-16,"Nick Bonino - Wide of Net","missed_shot",NULL,"pit","home",8474009,NULL,NULL,"shooter",NULL,NULL,8477922,8470613,8468542,8476919,NULL,NULL,8474889,8475208,8474602,8477839,8474009,8470543,NULL,8476899
20152016,20160531,30411,62,1,"regular",678,0,0,5,5,"d",-98,-3,"Dainius Zubrus hit Olli Maatta","hit",NULL,"sjs","away",8476874,8464977,NULL,"hittee","hitter",NULL,8471392,8474053,8475820,8464977,8475455,NULL,8474889,8476874,8473933,8470611,8475832,8464989,NULL,8476899
20152016,20160531,30411,63,1,"regular",691,0,0,5,5,"o",90,-37,"Tom Kuhnhackl hit Roman Polak","hit",NULL,"pit","home",8471392,8475832,NULL,"hittee","hitter",NULL,8471392,8474053,8475820,8466139,8475455,NULL,8474889,8476874,8473933,8470611,8475832,8464989,NULL,8476899
20152016,20160531,30411,64,1,"regular",697,0,0,5,5,NULL,NULL,NULL,"Puck in Crowd","stop",NULL,NULL,NULL,NULL,NULL,NULL,NULL,NULL,NULL,8471392,8474053,8475820,8466139,8475455,NULL,8474889,8476874,8473933,8470611,8475832,8464989,NULL,8476899
20152016,20160531,30411,65,1,"regular",697,0,0,5,5,"o",69,22,"Sidney Crosby faceoff won against Joe Pavelski","faceoff",NULL,"pit","home",8471675,8470794,NULL,"winner","loser",NULL,8470794,8476881,8470613,8466138,8468542,NULL,8474889,8475208,8471724,8471887,8477839,8471675,NULL,8476899
20152016,20160531,30411,66,1,"regular",705,0,0,5,5,"o",77,40,"Joe Thornton hit Sidney Crosby","hit",NULL,"sjs","away",8471675,8466138,NULL,"hittee","hitter",NULL,8470794,8476881,8470613,8466138,8468542,NULL,8474889,8475208,8471724,8477839,8471887,8471675,NULL,8476899
20152016,20160531,30411,67,1,"regular",707,0,0,5,5,"o",82,14,"Kris Letang Backhand saved by Martin Jones","shot","backhand","pit","home",8471724,8474889,NULL,"shooter","goalie",NULL,8470794,8476881,8470613,8466138,8468542,NULL,8474889,8475208,8471724,8477839,8471887,8471675,NULL,8476899
20152016,20160531,30411,68,1,"regular",708,0,0,5,5,NULL,NULL,NULL,"Goalie Stopped","stop",NULL,NULL,NULL,NULL,NULL,NULL,NULL,NULL,NULL,8470794,8476881,8470613,8466138,8468542,NULL,8474889,8475208,8471724,8471887,8477839,8471675,NULL,8476899
20152016,20160531,30411,69,1,"regular",708,0,0,5,5,"o",69,22,"Joe Pavelski faceoff won against Nick Bonino","faceoff",NULL,"sjs","away",8470794,8474009,NULL,"winner","loser",NULL,8470794,8476881,8470613,8466138,8468542,NULL,8474889,8474176,8475208,8471724,8473548,8474009,NULL,8476899
20152016,20160531,30411,70,1,"regular",718,0,0,5,5,"o",84,-23,"Tomas Hertl","giveaway",NULL,"sjs","away",8476881,NULL,NULL,"giver",NULL,NULL,8470794,8476881,8470613,8466138,8468542,NULL,8474889,8474176,8475208,8471724,8473548,8474009,NULL,8476899
20152016,20160531,30411,71,1,"regular",720,0,0,5,5,"o",70,-10,"Tomas Hertl blocked shot from Carl Hagelin","blocked_shot",NULL,"pit","home",8476881,8474176,NULL,"blocker","shooter",NULL,8470794,8476881,8470613,8466138,8468542,NULL,8474889,8474176,8475208,8471724,8473548,8474009,NULL,8476899
20152016,20160531,30411,72,1,"regular",731,0,0,5,5,"d",-69,6,"Nick Bonino blocked shot from Brent Burns","blocked_shot",NULL,"sjs","away",8474009,8470613,NULL,"blocker","shooter",NULL,8470794,8476881,8470613,8466138,8468542,NULL,8474889,8474176,8475208,8471724,8473548,8474009,NULL,8476899
20152016,20160531,30411,73,1,"regular",735,0,0,5,5,NULL,NULL,NULL,"Offside","stop",NULL,NULL,NULL,NULL,NULL,NULL,NULL,NULL,NULL,8470794,8476881,8470613,8466138,8468542,NULL,8474889,8474176,8475208,8471724,8473548,8474009,NULL,8476899
20152016,20160531,30411,74,1,"regular",735,0,0,5,5,"n",-19,22,"Evgeni Malkin faceoff won against Chris Tierney","faceoff",NULL,"pit","home",8471215,8476919,NULL,"winner","loser",NULL,8477922,8474027,8468208,8476919,8471709,NULL,8474889,8475810,8474602,8471215,8470543,8474013,NULL,8476899
20152016,20160531,30411,75,1,"regular",747,0,0,5,5,"o",90,-39,"Chris Kunitz hit Marc-Edouard Vlasic","hit",NULL,"pit","home",8471709,8470543,NULL,"hittee","hitter",NULL,8477922,8474027,8468208,8476919,8471709,NULL,8474889,8475810,8474602,8471215,8470543,8474013,NULL,8476899
20152016,20160531,30411,76,1,"regular",754,0,0,5,5,"d",-29,33,"Ian Cole hit Joel Ward","hit",NULL,"pit","home",8468208,8474013,NULL,"hittee","hitter",NULL,8477922,8474027,8468208,8476919,8471709,NULL,8474889,8475810,8474602,8471215,8470543,8474013,NULL,8476899
20152016,20160531,30411,77,1,"regular",763,0,0,5,5,"o",74,2,"Marc-Edouard Vlasic blocked shot from Justin Schultz","blocked_shot",NULL,"pit","home",8471709,8474602,NULL,"blocker","shooter",NULL,8477922,8474027,8468208,8476919,8471709,NULL,8474889,8475810,8474602,8471215,8470543,8474013,NULL,8476899
20152016,20160531,30411,78,1,"regular",766,0,0,5,5,"o",81,5,"Bryan Rust (6) Wrist Shot; assists: Justin Schultz (3); Chris Kunitz (7)","goal","wrist shot","pit","home",8474602,8470543,8475810,"assist1","assist2","scorer",8477922,8474027,8468208,8476919,8471709,NULL,8474889,8475810,8474602,8471215,8470543,8474013,NULL,8476899
20152016,20160531,30411,79,1,"regular",766,0,1,5,5,"n",0,0,"Matt Cullen faceoff won against Nick Spaling","faceoff",NULL,"pit","home",8464989,8474096,NULL,"winner","loser",NULL,8471392,8474096,8464977,8474739,8475455,NULL,8474889,8474602,8464989,8470611,8475832,8474013,NULL,8476899
20152016,20160531,30411,80,1,"regular",772,0,1,5,5,"n",4,40,"Tommy Wingels hit Justin Schultz","hit",NULL,"sjs","away",8474602,8474739,NULL,"hittee","hitter",NULL,8471392,8474096,8464977,8474739,8475455,NULL,8474889,8474602,8474013,8470611,8475832,8464989,NULL,8476899
20152016,20160531,30411,81,1,"regular",820,0,1,5,5,"d",-98,4,"Patrick Marleau hit Ben Lovejoy","hit",NULL,"sjs","away",8473933,8466139,NULL,"hittee","hitter",NULL,8474053,8474027,8475820,8466139,8471709,NULL,8474889,8476874,8477839,8473933,8471887,8471675,NULL,8476899
20152016,20160531,30411,82,1,"regular",828,0,1,5,5,"o",73,-7,"Conor Sheary (3) Wrist Shot; assists: Sidney Crosby (10); Olli Maatta (5)","goal","wrist shot","pit","home",8471675,8476874,8477839,"assist1","assist2","scorer",8474053,8474027,8475820,8466139,8471709,NULL,8474889,8475208,8471724,8471887,8477839,8471675,NULL,8476899
20152016,20160531,30411,83,1,"regular",828,0,2,5,5,"n",1,0,"Nick Bonino faceoff won against Joe Pavelski","faceoff",NULL,"pit","home",8474009,8470794,NULL,"winner","loser",NULL,8470794,8476881,8470613,8466138,8468542,NULL,8474889,8474176,8475208,8471724,8473548,8474009,NULL,8476899
20152016,20160531,30411,84,1,"regular",859,0,2,5,5,NULL,NULL,NULL,"Icing","stop",NULL,NULL,NULL,NULL,NULL,NULL,NULL,NULL,NULL,8470794,8476881,8470613,8466138,8468542,NULL,8474889,8474176,8475208,8471724,8473548,8474009,NULL,8476899
20152016,20160531,30411,85,1,"regular",859,0,2,5,5,"o",69,22,"Evgeni Malkin faceoff won against Joe Pavelski","faceoff",NULL,"pit","home",8471215,8470794,NULL,"winner","loser",NULL,8470794,8476881,8470613,8466138,8468542,NULL,8474889,8475810,8476874,8473933,8470543,8471215,NULL,8476899
20152016,20160531,30411,86,1,"regular",871,0,2,5,5,"d",-97,-24,"Joe Thornton hit Olli Maatta","hit",NULL,"sjs","away",8476874,8466138,NULL,"hittee","hitter",NULL,8470794,8476881,8470613,8466138,8475455,NULL,8474889,8475810,8476874,8473933,8470543,8471215,NULL,8476899
20152016,20160531,30411,87,1,"regular",879,0,2,5,5,"d",-36,-20,"Brenden Dillon Wrist Shot saved by Matthew Murray","shot","wrist shot","sjs","away",8475455,8476899,NULL,"shooter","goalie",NULL,8471392,8470794,8476881,8466138,8475455,NULL,8474889,8475810,8476874,8473933,8470543,8471215,NULL,8476899
20152016,20160531,30411,88,1,"regular",885,0,2,5,5,"d",-68,-39,"Joe Pavelski hit Evgeni Malkin","hit",NULL,"sjs","away",8471215,8470794,NULL,"hittee","hitter",NULL,8471392,8470794,8476881,8466138,8475455,NULL,8474889,8475810,8476874,8473933,8470543,8471215,NULL,8476899
20152016,20160531,30411,89,1,"regular",885,0,2,5,5,NULL,NULL,NULL,"Icing","stop",NULL,NULL,NULL,NULL,NULL,NULL,NULL,NULL,NULL,8471392,8470794,8476881,8466138,8475455,NULL,8474889,8475810,8476874,8473933,8470543,8471215,NULL,8476899
20152016,20160531,30411,90,1,"regular",885,0,2,5,5,"d",-69,-22,"Logan Couture faceoff won against Evgeni Malkin","faceoff",NULL,"sjs","away",8474053,8471215,NULL,"winner","loser",NULL,8471392,8474053,8475820,8466139,8475455,NULL,8474889,8475810,8476874,8473933,8470543,8471215,NULL,8476899
20152016,20160531,30411,91,1,"regular",908,0,2,5,5,"o",71,19,"Patrick Marleau blocked shot from Brian Dumoulin","blocked_shot",NULL,"pit","home",8466139,8475208,NULL,"blocker","shooter",NULL,8471392,8474053,8475820,8466139,8475455,NULL,8474889,8475208,8471724,8470611,8475832,8464989,NULL,8476899
20152016,20160531,30411,92,1,"regular",914,0,2,5,5,"o",36,-22,"Kris Letang Slap Shot saved by Martin Jones","shot","slap shot","pit","home",8471724,8474889,NULL,"shooter","goalie",NULL,8471392,8474053,8475820,8466139,8475455,NULL,8474889,8475208,8471724,8470611,8475832,8464989,NULL,8476899
20152016,20160531,30411,93,1,"regular",930,0,2,5,5,"o",60,5,"Kris Letang Backhand saved by Martin Jones","shot","backhand","pit","home",8471724,8474889,NULL,"shooter","goalie",NULL,8474027,8475820,8476919,8466139,8471709,NULL,8474889,8475208,8471724,8470611,8475832,8464989,NULL,8476899
20152016,20160531,30411,94,1,"regular",952,0,2,5,5,"d",-97,26,"Joel Ward hit Ian Cole","hit",NULL,"sjs","away",8474013,8468208,NULL,"hittee","hitter",NULL,8477922,8474027,8468208,8476919,8471709,NULL,8474889,8474602,8477839,8471887,8471675,8474013,NULL,8476899
20152016,20160531,30411,95,1,"regular",959,0,2,5,5,"o",99,20,"Conor Sheary hit Justin Braun","hit",NULL,"pit","home",8474027,8477839,NULL,"hittee","hitter",NULL,8477922,8474027,8468208,8476919,8471709,NULL,8474889,8474602,8477839,8471887,8471675,8474013,NULL,8476899
20152016,20160531,30411,96,1,"regular",963,0,2,5,5,"o",97,15,"Patric Hornqvist hit Melker Karlsson","hit",NULL,"pit","home",8477922,8471887,NULL,"hittee","hitter",NULL,8477922,8474027,8468208,8476919,8471709,NULL,8474889,8474602,8477839,8471887,8471675,8474013,NULL,8476899
20152016,20160531,30411,97,1,"regular",984,0,2,5,5,"d",-96,-22,"Nick Spaling hit Justin Schultz","hit",NULL,"sjs","away",8474602,8474096,NULL,"hittee","hitter",NULL,8474096,8464977,8474739,8470613,8468542,NULL,8474889,8474176,8474602,8473548,8473933,8474009,NULL,8476899
20152016,20160531,30411,98,1,"regular",986,0,2,5,5,"d",-57,-34,"Dainius Zubrus Wrist Shot saved by Matthew Murray","shot","wrist shot","sjs","away",8464977,8476899,NULL,"shooter","goalie",NULL,8474096,8464977,8474739,8470613,8468542,NULL,8474889,8474176,8474602,8473548,8473933,8474009,NULL,8476899
20152016,20160531,30411,99,1,"regular",994,0,2,5,5,"o",63,14,"Phil Kessel Backhand saved by Martin Jones","shot","backhand","pit","home",8473548,8474889,NULL,"shooter","goalie",NULL,8474096,8464977,8474739,8470613,8468542,NULL,8474889,8474176,8476874,8473548,8473933,8474009,NULL,8476899
20152016,20160531,30411,100,1,"regular",998,0,2,5,5,"o",72,-12,"Nick Bonino Wrist Shot saved by Martin Jones","shot","wrist shot","pit","home",8474009,8474889,NULL,"shooter","goalie",NULL,8474096,8464977,8474739,8470613,8468542,NULL,8474889,8474176,8476874,8473548,8473933,8474009,NULL,8476899
20152016,20160531,30411,101,1,"regular",999,0,2,5,5,NULL,NULL,NULL,"Goalie Stopped","stop",NULL,NULL,NULL,NULL,NULL,NULL,NULL,NULL,NULL,8474096,8464977,8474739,8470613,8468542,NULL,8474889,8474176,8476874,8473548,8473933,8474009,NULL,8476899
20152016,20160531,30411,102,1,"regular",999,0,2,5,5,"o",69,-21,"Joe Thornton faceoff won against Nick Bonino","faceoff",NULL,"sjs","away",8466138,8474009,NULL,"winner","loser",NULL,8470794,8476881,8470613,8466138,8468542,NULL,8474889,8474176,8475208,8471724,8473548,8474009,NULL,8476899
20152016,20160531,30411,103,1,"regular",1008,0,2,5,5,"o",93,-37,"Carl Hagelin hit Joe Thornton","hit",NULL,"pit","home",8466138,8474176,NULL,"hittee","hitter",NULL,8470794,8476881,8470613,8466138,8468542,NULL,8474889,8474176,8475208,8471724,8473548,8474009,NULL,8476899
20152016,20160531,30411,104,1,"regular",1024,0,2,5,5,"o",79,1,"Paul Martin blocked shot from Phil Kessel","blocked_shot",NULL,"pit","home",8468542,8473548,NULL,"blocker","shooter",NULL,8470794,8476881,8470613,8466138,8468542,NULL,8474889,8474176,8475208,8471724,8473548,8474009,NULL,8476899
20152016,20160531,30411,105,1,"regular",1031,0,2,5,5,"o",85,-40,"Joe Pavelski hit Carl Hagelin","hit",NULL,"sjs","away",8474176,8470794,NULL,"hittee","hitter",NULL,8470794,8476881,8470613,8466138,8468542,NULL,8474889,8474176,8475208,8471724,8473548,8474009,NULL,8476899
20152016,20160531,30411,106,1,"regular",1040,0,2,5,5,NULL,NULL,NULL,"Offside","stop",NULL,NULL,NULL,NULL,NULL,NULL,NULL,NULL,NULL,8470794,8476881,8470613,8466138,8468542,NULL,8474889,8474176,8475208,8471724,8473548,8474009,NULL,8476899
20152016,20160531,30411,107,1,"regular",1040,0,2,5,5,"n",-19,23,"Evgeni Malkin faceoff won against Patrick Marleau","faceoff",NULL,"pit","home",8471215,8466139,NULL,"winner","loser",NULL,8471392,8474053,8475820,8466139,8475455,NULL,8474889,8475810,8476874,8473933,8470543,8471215,NULL,8476899
20152016,20160531,30411,108,1,"regular",1052,0,2,5,5,"o",97,32,"Chris Kunitz hit Roman Polak","hit",NULL,"pit","home",8471392,8470543,NULL,"hittee","hitter",NULL,8471392,8474053,8475820,8466139,8475455,NULL,8474889,8475810,8476874,8473933,8470543,8471215,NULL,8476899
20152016,20160531,30411,109,1,"regular",1055,0,2,5,5,NULL,NULL,NULL,"Icing","stop",NULL,NULL,NULL,NULL,NULL,NULL,NULL,NULL,NULL,8471392,8474053,8475820,8466139,8475455,NULL,8474889,8475810,8476874,8473933,8470543,8471215,NULL,8476899
20152016,20160531,30411,110,1,"regular",1055,0,2,5,5,"o",69,22,"Logan Couture faceoff won against Evgeni Malkin","faceoff",NULL,"sjs","away",8474053,8471215,NULL,"winner","loser",NULL,8471392,8474053,8475820,8466139,8475455,NULL,8474889,8475810,8476874,8473933,8470543,8471215,NULL,8476899
20152016,20160531,30411,111,1,"regular",1071,0,2,5,5,"n",1,-5,"Bryan Rust","takeaway",NULL,"pit","home",8475810,NULL,NULL,"taker",NULL,NULL,8471392,8474053,8475820,8466139,8475455,NULL,8474889,8475810,8476874,8473933,8470543,8471215,NULL,8476899
20152016,20160531,30411,112,1,"regular",1078,0,2,5,5,"o",63,19,"Chris Kunitz Wrist Shot saved by Martin Jones","shot","wrist shot","pit","home",8470543,8474889,NULL,"shooter","goalie",NULL,8471392,8474053,8475820,8466139,8475455,NULL,8474889,8475810,8476874,8473933,8470543,8471215,NULL,8476899
20152016,20160531,30411,113,1,"regular",1116,0,2,5,5,"n",-21,40,"Conor Sheary hit Justin Braun","hit",NULL,"pit","home",8474027,8477839,NULL,"hittee","hitter",NULL,8477922,8474027,8468208,8476919,8471709,NULL,8474889,8474602,8477839,8471887,8471675,8474013,NULL,8476899
20152016,20160531,30411,114,1,"regular",1130,0,2,5,5,"o",68,39,"Justin Braun","takeaway",NULL,"sjs","away",8474027,NULL,NULL,"taker",NULL,NULL,8474096,8477922,8474027,8468208,8471709,NULL,8474889,8474602,8471724,8477839,8471887,8471675,NULL,8476899
20152016,20160531,30411,115,1,"regular",1149,0,2,5,5,"o",69,-9,"Justin Braun blocked shot from Kris Letang","blocked_shot",NULL,"pit","home",8474027,8471724,NULL,"blocker","shooter",NULL,8477922,8474027,8474096,8474739,8471709,NULL,8474889,8475208,8471724,8477839,8471887,8464989,NULL,8476899
20152016,20160531,30411,116,1,"regular",1151,0,2,5,5,NULL,NULL,NULL,"Icing","stop",NULL,NULL,NULL,NULL,NULL,NULL,NULL,NULL,NULL,8477922,8474027,8474096,8474739,8471709,NULL,8474889,8475208,8471724,8471887,8477839,8464989,NULL,8476899
20152016,20160531,30411,117,1,"regular",1151,0,2,5,5,"o",69,-22,"Nick Spaling faceoff won against Nick Bonino","faceoff",NULL,"sjs","away",8474096,8474009,NULL,"winner","loser",NULL,8477922,8474027,8474096,8474739,8471709,NULL,8474889,8474176,8475208,8471724,8473548,8474009,NULL,8476899
20152016,20160531,30411,118,1,"regular",1198,0,2,5,5,"d",-42,20,"Joe Thornton - Wide of Net","missed_shot",NULL,"sjs","away",8466138,NULL,NULL,"shooter",NULL,NULL,8470794,8476881,8466138,8471709,8468542,NULL,8474889,8474176,8475208,8471724,8473548,8474009,NULL,8476899
20152016,20160531,30411,119,1,"regular",1200,0,2,NULL,NULL,NULL,NULL,NULL,"period end","period_end",NULL,NULL,NULL,NULL,NULL,NULL,NULL,NULL,NULL,NULL,NULL,NULL,NULL,NULL,NULL,NULL,NULL,NULL,NULL,NULL,NULL,NULL,NULL
20152016,20160531,30411,120,1,"regular",1200,0,2,NULL,NULL,NULL,NULL,NULL,"Period Official","period_official",NULL,NULL,NULL,NULL,NULL,NULL,NULL,NULL,NULL,NULL,NULL,NULL,NULL,NULL,NULL,NULL,NULL,NULL,NULL,NULL,NULL,NULL,NULL
20152016,20160531,30411,122,2,"regular",0,0,2,NULL,NULL,NULL,NULL,NULL,"Period Ready","period_ready",NULL,NULL,NULL,NULL,NULL,NULL,NULL,NULL,NULL,NULL,NULL,NULL,NULL,NULL,NULL,NULL,NULL,NULL,NULL,NULL,NULL,NULL,NULL
20152016,20160531,30411,123,2,"regular",0,0,2,NULL,NULL,NULL,NULL,NULL,"Period Start","period_start",NULL,NULL,NULL,NULL,NULL,NULL,NULL,NULL,NULL,NULL,NULL,NULL,NULL,NULL,NULL,NULL,NULL,NULL,NULL,NULL,NULL,NULL,NULL
20152016,20160531,30411,121,2,"regular",0,0,2,5,5,"n",1,0,"Logan Couture faceoff won against Sidney Crosby","faceoff",NULL,"sjs","away",8474053,8471675,NULL,"winner","loser",NULL,8474053,8474027,8475820,8466139,8471709,NULL,8474889,8476874,8477839,8473933,8471887,8471675,NULL,8476899
20152016,20160531,30411,124,2,"regular",21,0,2,5,5,"d",64,16,"Patrick Marleau Wrist Shot saved by Matthew Murray","shot","wrist shot","sjs","away",8466139,8476899,NULL,"shooter","goalie",NULL,8474053,8474027,8475820,8466139,8471709,NULL,8474889,8476874,8477839,8473933,8471887,8471675,NULL,8476899
20152016,20160531,30411,125,2,"regular",28,0,2,5,5,"d",81,-40,"Patrick Marleau hit Ben Lovejoy","hit",NULL,"sjs","away",8473933,8466139,NULL,"hittee","hitter",NULL,8474053,8475820,8470613,8466139,8471709,NULL,8474889,8476874,8477839,8473933,8471887,8471675,NULL,8476899
20152016,20160531,30411,126,2,"regular",38,0,2,5,5,"n",-20,3,"Joe Pavelski hit Conor Sheary","hit",NULL,"sjs","away",8477839,8470794,NULL,"hittee","hitter",NULL,8474053,8475820,8470613,8466139,8471709,NULL,8474889,8476874,8477839,8473933,8471887,8471675,NULL,8476899
20152016,20160531,30411,127,2,"regular",46,0,2,5,5,"d",49,-23,"Joe Pavelski Snap Shot saved by Matthew Murray","shot","snap shot","sjs","away",8470794,8476899,NULL,"shooter","goalie",NULL,8470794,8476881,8470613,8466138,8468542,NULL,8474889,8474176,8476874,8473548,8473933,8474009,NULL,8476899
20152016,20160531,30411,128,2,"regular",47,0,2,5,5,NULL,NULL,NULL,"Goalie Stopped","stop",NULL,NULL,NULL,NULL,NULL,NULL,NULL,NULL,NULL,8470794,8476881,8470613,8466138,8468542,NULL,8474889,8474176,8476874,8473548,8473933,8474009,NULL,8476899
20152016,20160531,30411,129,2,"regular",47,0,2,5,5,"d",69,-22,"Joe Pavelski faceoff won against Matt Cullen","faceoff",NULL,"sjs","away",8470794,8464989,NULL,"winner","loser",NULL,8470794,8476881,8470613,8466138,8468542,NULL,8474889,8475208,8471724,8470611,8475832,8464989,NULL,8476899
20152016,20160531,30411,130,2,"regular",51,0,2,5,5,"d",42,-20,"Tom Kuhnhackl blocked shot from Brent Burns","blocked_shot",NULL,"sjs","away",8475832,8470613,NULL,"blocker","shooter",NULL,8470794,8476881,8470613,8466138,8468542,NULL,8474889,8475208,8471724,8470611,8475832,8464989,NULL,8476899
20152016,20160531,30411,131,2,"regular",52,0,2,5,5,NULL,NULL,NULL,"Puck in Crowd","stop",NULL,NULL,NULL,NULL,NULL,NULL,NULL,NULL,NULL,8470794,8476881,8470613,8466138,8468542,NULL,8474889,8475208,8471724,8470611,8475832,8464989,NULL,8476899
20152016,20160531,30411,132,2,"regular",52,0,2,5,5,"d",69,-22,"Matt Cullen faceoff won against Joe Pavelski","faceoff",NULL,"pit","home",8464989,8470794,NULL,"winner","loser",NULL,8470794,8476881,8470613,8466138,8468542,NULL,8474889,8475208,8471724,8470611,8475832,8464989,NULL,8476899
20152016,20160531,30411,133,2,"regular",59,0,2,5,5,NULL,NULL,NULL,"Puck in Benches","stop",NULL,NULL,NULL,NULL,NULL,NULL,NULL,NULL,NULL,8470794,8476881,8470613,8466138,8468542,NULL,8474889,8475208,8471724,8470611,8475832,8464989,NULL,8476899
20152016,20160531,30411,134,2,"regular",59,0,2,5,5,"n",-19,23,"Chris Tierney faceoff won against Evgeni Malkin","faceoff",NULL,"sjs","away",8476919,8471215,NULL,"winner","loser",NULL,8471392,8477922,8468208,8476919,8475455,NULL,8474889,8475810,8474602,8471215,8470543,8474013,NULL,8476899
20152016,20160531,30411,135,2,"regular",74,0,2,5,5,"d",38,-35,"Ian Cole Hooking against Melker Karlsson -- minor -- 2","penalty","hooking","pit","home",8474013,8477922,NULL,"penaltyon","drewby",NULL,8471392,8477922,8468208,8476919,8475455,NULL,8474889,8475810,8474602,8471215,8470543,8474013,NULL,8476899
20152016,20160531,30411,136,2,"regular",74,0,2,5,4,"d",69,-22,"Joe Pavelski faceoff won against Nick Bonino","faceoff",NULL,"sjs","away",8470794,8474009,NULL,"winner","loser",NULL,8474053,8470794,8470613,8466138,8466139,NULL,8474889,8474176,8475208,8471724,8474009,NULL,NULL,8476899
20152016,20160531,30411,137,2,"regular",79,0,2,5,4,"d",58,2,"Nick Bonino blocked shot from Patrick Marleau","blocked_shot",NULL,"sjs","away",8474009,8466139,NULL,"blocker","shooter",NULL,8474053,8470794,8470613,8466138,8466139,NULL,8474889,8474176,8474009,8471724,8475208,NULL,NULL,8476899
20152016,20160531,30411,138,2,"regular",96,0,2,5,4,"n",10,-36,"Carl Hagelin","takeaway",NULL,"pit","home",8474176,NULL,NULL,"taker",NULL,NULL,8474053,8470794,8470613,8466138,8466139,NULL,8474889,8474176,8474009,8471724,8475208,NULL,NULL,8476899
20152016,20160531,30411,139,2,"regular",127,0,2,5,4,NULL,NULL,NULL,"Hand Pass","stop",NULL,NULL,NULL,NULL,NULL,NULL,NULL,NULL,NULL,8474053,8470794,8470613,8466138,8466139,NULL,8474889,8470611,8476874,8473933,8464989,NULL,NULL,8476899
20152016,20160531,30411,140,2,"regular",127,0,2,5,4,"n",20,23,"Tomas Hertl faceoff won against Nick Bonino","faceoff",NULL,"sjs","away",8476881,8474009,NULL,"winner","loser",NULL,8475820,8468208,8476881,8470613,8471709,NULL,8474889,8474176,8475208,8471724,8474009,NULL,NULL,8476899
20152016,20160531,30411,141,2,"regular",146,0,2,5,4,"d",34,-9,"Brent Burns - Wide of Net","missed_shot",NULL,"sjs","away",8470613,NULL,NULL,"shooter",NULL,NULL,8475820,8468208,8476881,8470613,8471709,NULL,8474889,8474176,8474009,8471724,8475208,NULL,NULL,8476899
20152016,20160531,30411,142,2,"regular",182,0,2,5,4,"d",84,-10,"Tomas Hertl (6) Wrist Shot; assists: Joonas Donskoi (5); Brent Burns (15)","goal","wrist shot","sjs","away",8475820,8470613,8476881,"assist1","assist2","scorer",8475820,8468208,8476881,8470613,8471709,NULL,8474889,8470611,8476874,8473933,8464989,NULL,NULL,8476899
20152016,20160531,30411,143,2,"regular",182,1,2,5,5,"n",0,1,"Sidney Crosby faceoff won against Chris Tierney","faceoff",NULL,"pit","home",8471675,8476919,NULL,"winner","loser",NULL,8477922,8474027,8468208,8476919,8468542,NULL,8474889,8474602,8477839,8471887,8471675,8474013,NULL,8476899
20152016,20160531,30411,144,2,"regular",189,1,2,5,5,"o",-68,-40,"Justin Braun hit Sidney Crosby","hit",NULL,"sjs","away",8471675,8474027,NULL,"hittee","hitter",NULL,8477922,8474027,8468208,8476919,8468542,NULL,8474889,8474602,8477839,8471887,8471675,8474013,NULL,8476899
20152016,20160531,30411,145,2,"regular",202,1,2,5,5,"d",33,28,"Paul Martin - Wide of Net","missed_shot",NULL,"sjs","away",8468542,NULL,NULL,"shooter",NULL,NULL,8477922,8474027,8468208,8476919,8468542,NULL,8474889,8474602,8477839,8471887,8471675,8474013,NULL,8476899
20152016,20160531,30411,146,2,"regular",216,1,2,5,5,"n",-13,40,"Patric Hornqvist hit Melker Karlsson","hit",NULL,"pit","home",8477922,8471887,NULL,"hittee","hitter",NULL,8477922,8474027,8474096,8474739,8468542,NULL,8474889,8474602,8477839,8471887,8471675,8474013,NULL,8476899
20152016,20160531,30411,147,2,"regular",223,1,2,5,5,"d",47,-20,"Roman Polak Wrist Shot saved by Matthew Murray","shot","wrist shot","sjs","away",8471392,8476899,NULL,"shooter","goalie",NULL,8471392,8474096,8464977,8474739,8475455,NULL,8474889,8475810,8474602,8477839,8471675,8474013,NULL,8476899
20152016,20160531,30411,148,2,"regular",224,1,2,5,5,NULL,NULL,NULL,"Goalie Stopped","stop",NULL,NULL,NULL,NULL,NULL,NULL,NULL,NULL,NULL,8471392,8474096,8464977,8474739,8475455,NULL,8474889,8475810,8474602,8477839,8471675,8474013,NULL,8476899
20152016,20160531,30411,149,2,"regular",224,1,2,5,5,"d",69,-22,"Matt Cullen faceoff won against Tommy Wingels","faceoff",NULL,"pit","home",8464989,8474739,NULL,"winner","loser",NULL,8471392,8474096,8464977,8474739,8475455,NULL,8474889,8476874,8473933,8471215,8470543,8464989,NULL,8476899
20152016,20160531,30411,150,2,"regular",239,1,2,5,5,"o",-72,8,"Tommy Wingels blocked shot from Bryan Rust","blocked_shot",NULL,"pit","home",8474739,8475810,NULL,"blocker","shooter",NULL,8471392,8474096,8464977,8474739,8475455,NULL,8474889,8475810,8476874,8473933,8470543,8471215,NULL,8476899
20152016,20160531,30411,151,2,"regular",245,1,2,5,5,NULL,NULL,NULL,"Goalie Stopped","stop",NULL,NULL,NULL,NULL,NULL,NULL,NULL,NULL,NULL,8471392,8474096,8464977,8474739,8475455,NULL,8474889,8475810,8476874,8473933,8470543,8471215,NULL,8476899
20152016,20160531,30411,152,2,"regular",245,1,2,5,5,"d",69,22,"Joe Thornton faceoff won against Matt Cullen","faceoff",NULL,"sjs","away",8466138,8464989,NULL,"winner","loser",NULL,8470794,8476881,8470613,8466138,8468542,NULL,8474889,8475208,8471724,8470611,8475832,8464989,NULL,8476899
20152016,20160531,30411,153,2,"regular",268,1,2,5,5,"o",-94,36,"Eric Fehr hit Paul Martin","hit",NULL,"pit","home",8468542,8470611,NULL,"hittee","hitter",NULL,8470794,8476881,8470613,8466138,8468542,NULL,8474889,8475208,8471724,8470611,8475832,8464989,NULL,8476899
20152016,20160531,30411,154,2,"regular",276,1,2,5,5,"d",55,4,"Brent Burns Wrist Shot saved by Matthew Murray","shot","wrist shot","sjs","away",8470613,8476899,NULL,"shooter","goalie",NULL,8470794,8476881,8470613,8466138,8468542,NULL,8474889,8475208,8473548,8471724,8475832,8464989,NULL,8476899
20152016,20160531,30411,155,2,"regular",280,1,2,5,5,"d",79,4,"Joe Pavelski Wrist Shot saved by Matthew Murray","shot","wrist shot","sjs","away",8470794,8476899,NULL,"shooter","goalie",NULL,8470794,8476881,8470613,8466138,8471709,NULL,8474889,8475208,8473548,8471724,8475832,8464989,NULL,8476899
20152016,20160531,30411,156,2,"regular",288,1,2,5,5,NULL,NULL,NULL,"Icing","stop",NULL,NULL,NULL,NULL,NULL,NULL,NULL,NULL,NULL,8474053,8474027,8475820,8476881,8471709,NULL,8474889,8474176,8475208,8471724,8473548,8474009,NULL,8476899
20152016,20160531,30411,157,2,"regular",288,1,2,5,5,"o",-69,-22,"Nick Bonino faceoff won against Logan Couture","faceoff",NULL,"pit","home",8474009,8474053,NULL,"winner","loser",NULL,8474053,8474027,8475820,8476881,8471709,NULL,8474889,8474176,8476874,8473548,8473933,8474009,NULL,8476899
20152016,20160531,30411,158,2,"regular",290,1,2,5,5,"o",-54,-20,"Phil Kessel Wrist Shot saved by Martin Jones","shot","wrist shot","pit","home",8473548,8474889,NULL,"shooter","goalie",NULL,8474053,8474027,8475820,8476881,8471709,NULL,8474889,8474176,8476874,8473548,8473933,8474009,NULL,8476899
20152016,20160531,30411,159,2,"regular",291,1,2,5,5,NULL,NULL,NULL,"Goalie Stopped","stop",NULL,NULL,NULL,NULL,NULL,NULL,NULL,NULL,NULL,8474053,8474027,8475820,8476881,8471709,NULL,8474889,8474176,8476874,8473548,8473933,8474009,NULL,8476899
20152016,20160531,30411,160,2,"regular",291,1,2,5,5,"o",-69,-22,"Nick Bonino faceoff won against Logan Couture","faceoff",NULL,"pit","home",8474009,8474053,NULL,"winner","loser",NULL,8474053,8474027,8475820,8466139,8471709,NULL,8474889,8474176,8476874,8473548,8473933,8474009,NULL,8476899
20152016,20160531,30411,161,2,"regular",300,1,2,5,5,"o",-91,34,"Nick Bonino hit Marc-Edouard Vlasic","hit",NULL,"pit","home",8471709,8474009,NULL,"hittee","hitter",NULL,8474053,8474027,8475820,8466139,8471709,NULL,8474889,8474176,8476874,8473548,8473933,8474009,NULL,8476899
20152016,20160531,30411,162,2,"regular",313,1,2,5,5,"d",72,6,"Ben Lovejoy blocked shot from Marc-Edouard Vlasic","blocked_shot",NULL,"sjs","away",8473933,8471709,NULL,"blocker","shooter",NULL,8474053,8474027,8475820,8466139,8471709,NULL,8474889,8474176,8476874,8473548,8473933,8474009,NULL,8476899
20152016,20160531,30411,163,2,"regular",329,1,2,5,5,"d",78,10,"Joonas Donskoi Wrist Shot saved by Matthew Murray","shot","wrist shot","sjs","away",8475820,8476899,NULL,"shooter","goalie",NULL,8477922,8474053,8474027,8475820,8471709,NULL,8474889,8476874,8473548,8473933,8477839,8474009,NULL,8476899
20152016,20160531,30411,164,2,"regular",332,1,2,5,5,"d",67,6,"Chris Tierney Wrist Shot saved by Matthew Murray","shot","wrist shot","sjs","away",8476919,8476899,NULL,"shooter","goalie",NULL,8477922,8475820,8470613,8476919,8468542,NULL,8474889,8476874,8473548,8473933,8477839,8474009,NULL,8476899
20152016,20160531,30411,165,2,"regular",333,1,2,5,5,NULL,NULL,NULL,"Goalie Stopped","stop",NULL,NULL,NULL,NULL,NULL,NULL,NULL,NULL,NULL,8477922,8475820,8470613,8476919,8468542,NULL,8474889,8476874,8473548,8473933,8477839,8474009,NULL,8476899
20152016,20160531,30411,166,2,"regular",333,1,2,5,5,"d",69,22,"Sidney Crosby faceoff won against Chris Tierney","faceoff",NULL,"pit","home",8471675,8476919,NULL,"winner","loser",NULL,8477922,8468208,8470613,8476919,8468542,NULL,8474889,8474602,8477839,8471887,8471675,8474013,NULL,8476899
20152016,20160531,30411,167,2,"regular",345,1,2,5,5,NULL,NULL,NULL,"Offside","stop",NULL,NULL,NULL,NULL,NULL,NULL,NULL,NULL,NULL,8477922,8468208,8470613,8476919,8468542,NULL,8474889,8474602,8477839,8471887,8471675,8474013,NULL,8476899
20152016,20160531,30411,168,2,"regular",345,1,2,5,5,"n",-19,23,"Sidney Crosby faceoff won against Joe Thornton","faceoff",NULL,"pit","home",8471675,8466138,NULL,"winner","loser",NULL,8470794,8476881,8470613,8466138,8468542,NULL,8474889,8475208,8471724,8477839,8471887,8471675,NULL,8476899
20152016,20160531,30411,169,2,"regular",371,1,2,5,5,"d",93,17,"Kris Letang","giveaway",NULL,"pit","home",8471724,NULL,NULL,"giver",NULL,NULL,8470794,8476881,8470613,8466138,8468542,NULL,8474889,8475208,8471724,8477839,8471887,8471675,NULL,8476899
20152016,20160531,30411,170,2,"regular",386,1,2,5,5,"n",8,-9,"Kris Letang hit Patrick Marleau","hit",NULL,"pit","home",8466139,8471724,NULL,"hittee","hitter",NULL,8474053,8475820,8470613,8466139,8468542,NULL,8474889,8475208,8471724,8477839,8471887,8471675,NULL,8476899
20152016,20160531,30411,171,2,"regular",402,1,2,5,5,"d",68,2,"Olli Maatta","takeaway",NULL,"pit","home",8476874,NULL,NULL,"taker",NULL,NULL,8471392,8474053,8475820,8466139,8475455,NULL,8474889,8475810,8476874,8471724,8471215,8470543,NULL,8476899
20152016,20160531,30411,172,2,"regular",407,1,2,5,5,"o",-66,-5,"Evgeni Malkin Wrist Shot saved by Martin Jones","shot","wrist shot","pit","home",8471215,8474889,NULL,"shooter","goalie",NULL,8471392,8474053,8475820,8466139,8475455,NULL,8474889,8475810,8476874,8471724,8471215,8470543,NULL,8476899
20152016,20160531,30411,173,2,"regular",408,1,2,5,5,NULL,NULL,NULL,"Goalie Stopped","stop",NULL,NULL,NULL,NULL,NULL,NULL,NULL,NULL,NULL,8471392,8474053,8475820,8466139,8475455,NULL,8474889,8475810,8476874,8471724,8471215,8470543,NULL,8476899
20152016,20160531,30411,174,2,"regular",408,1,2,5,5,"o",-69,-22,"Evgeni Malkin faceoff won against Nick Spaling","faceoff",NULL,"pit","home",8471215,8474096,NULL,"winner","loser",NULL,8474027,8474096,8464977,8474739,8471709,NULL,8474889,8475810,8474602,8471215,8470543,8474013,NULL,8476899
20152016,20160531,30411,175,2,"regular",414,1,2,5,5,"o",-36,-12,"Evgeni Malkin Snap Shot saved by Martin Jones","shot","snap shot","pit","home",8471215,8474889,NULL,"shooter","goalie",NULL,8474027,8474096,8464977,8474739,8471709,NULL,8474889,8475810,8474602,8471215,8470543,8474013,NULL,8476899
20152016,20160531,30411,176,2,"regular",436,1,2,5,5,"o",-48,40,"Brenden Dillon hit Bryan Rust","hit",NULL,"sjs","away",8475810,8475455,NULL,"hittee","hitter",NULL,8471392,8474096,8464977,8474739,8475455,NULL,8474889,8475810,8474602,8471215,8470543,8474013,NULL,8476899
20152016,20160531,30411,177,2,"regular",446,1,2,5,5,"d",57,-25,"Ian Cole blocked shot from Roman Polak","blocked_shot",NULL,"sjs","away",8474013,8471392,NULL,"blocker","shooter",NULL,8471392,8477922,8474096,8474739,8475455,NULL,8474889,8475810,8474602,8470543,8474009,8474013,NULL,8476899
20152016,20160531,30411,178,2,"regular",460,1,2,5,5,NULL,NULL,NULL,"Offside","stop",NULL,NULL,NULL,NULL,NULL,NULL,NULL,NULL,NULL,8477922,8468208,8470613,8476919,8468542,NULL,8474889,8474602,8473548,8470543,8474009,8474013,NULL,8476899
20152016,20160531,30411,179,2,"regular",460,1,2,5,5,"n",20,-22,"Nick Bonino faceoff won against Chris Tierney","faceoff",NULL,"pit","home",8474009,8476919,NULL,"winner","loser",NULL,8477922,8468208,8470613,8476919,8468542,NULL,8474889,8474176,8476874,8473548,8473933,8474009,NULL,8476899
20152016,20160531,30411,180,2,"regular",467,1,2,5,5,"d",77,-18,"Olli Maatta","giveaway",NULL,"pit","home",8476874,NULL,NULL,"giver",NULL,NULL,8477922,8468208,8470613,8476919,8468542,NULL,8474889,8474176,8476874,8473548,8473933,8474009,NULL,8476899
20152016,20160531,30411,181,2,"regular",477,1,2,5,5,NULL,NULL,NULL,"High Stick","stop",NULL,NULL,NULL,NULL,NULL,NULL,NULL,NULL,NULL,8477922,8468208,8470613,8476919,8468542,NULL,8474889,8474176,8476874,8473548,8473933,8474009,NULL,8476899
20152016,20160531,30411,182,2,"regular",477,1,2,5,5,"n",20,-22,"Matt Cullen faceoff won against Joe Pavelski","faceoff",NULL,"pit","home",8464989,8470794,NULL,"winner","loser",NULL,8470794,8474027,8476881,8466138,8471709,NULL,8474889,8475208,8471724,8470611,8475832,8464989,NULL,8476899
20152016,20160531,30411,183,2,"regular",490,1,2,5,5,"o",-97,8,"Tom Kuhnhackl hit Marc-Edouard Vlasic","hit",NULL,"pit","home",8471709,8475832,NULL,"hittee","hitter",NULL,8470794,8474027,8476881,8466138,8471709,NULL,8474889,8475208,8471724,8470611,8475832,8464989,NULL,8476899
20152016,20160531,30411,184,2,"regular",508,1,2,5,5,"o",-96,31,"Tom Kuhnhackl hit Marc-Edouard Vlasic","hit",NULL,"pit","home",8471709,8475832,NULL,"hittee","hitter",NULL,8470794,8474027,8476881,8466138,8471709,NULL,8474889,8475208,8471724,8471887,8475832,8464989,NULL,8476899
20152016,20160531,30411,185,2,"regular",508,1,2,5,5,"o",-79,29,"Marc-Edouard Vlasic","giveaway",NULL,"sjs","away",8471709,NULL,NULL,"giver",NULL,NULL,8470794,8474027,8476881,8466138,8471709,NULL,8474889,8475208,8471724,8471887,8475832,8464989,NULL,8476899
20152016,20160531,30411,186,2,"regular",518,1,2,5,5,"o",-79,-38,"Patric Hornqvist","takeaway",NULL,"pit","home",8471887,NULL,NULL,"taker",NULL,NULL,8470794,8474027,8476881,8466138,8471709,NULL,8474889,8475208,8471724,8477839,8471887,8471675,NULL,8476899
20152016,20160531,30411,187,2,"regular",581,1,2,5,5,"d",55,1,"Dainius Zubrus Slap Shot saved by Matthew Murray","shot","slap shot","sjs","away",8464977,8476899,NULL,"shooter","goalie",NULL,8474096,8464977,8474739,8470613,8468542,NULL,8474889,8475810,8474602,8471215,8470543,8474013,NULL,8476899
20152016,20160531,30411,188,2,"regular",589,1,2,5,5,"d",96,-21,"Tommy Wingels hit Ian Cole","hit",NULL,"sjs","away",8474013,8474739,NULL,"hittee","hitter",NULL,8474096,8464977,8474739,8470613,8468542,NULL,8474889,8475810,8474602,8471215,8470543,8474013,NULL,8476899
20152016,20160531,30411,189,2,"regular",600,1,2,5,5,NULL,NULL,NULL,"Icing","stop",NULL,NULL,NULL,NULL,NULL,NULL,NULL,NULL,NULL,8477922,8468208,8470613,8476919,8468542,NULL,8474889,8475208,8473548,8471215,8470543,8474013,NULL,8476899
20152016,20160531,30411,190,2,"regular",600,1,2,5,5,"o",-69,-22,"Carl Hagelin faceoff won against Joel Ward","faceoff",NULL,"pit","home",8474176,8468208,NULL,"winner","loser",NULL,8477922,8468208,8470613,8476919,8468542,NULL,8474889,8474176,8475208,8471724,8473548,8474009,NULL,8476899
20152016,20160531,30411,191,2,"regular",615,1,2,5,5,"o",-79,-8,"Brent Burns blocked shot from Phil Kessel","blocked_shot",NULL,"pit","home",8470613,8473548,NULL,"blocker","shooter",NULL,8477922,8468208,8470613,8476919,8468542,NULL,8474889,8474176,8475208,8471724,8473548,8474009,NULL,8476899
20152016,20160531,30411,192,2,"regular",625,1,2,5,5,"o",-58,3,"Carl Hagelin Snap Shot saved by Martin Jones","shot","snap shot","pit","home",8474176,8474889,NULL,"shooter","goalie",NULL,8477922,8468208,8470613,8476919,8468542,NULL,8474889,8474176,8475208,8471724,8473548,8474009,NULL,8476899
20152016,20160531,30411,193,2,"regular",647,1,2,5,5,"d",69,2,"Nick Bonino blocked shot from Brenden Dillon","blocked_shot",NULL,"sjs","away",8474009,8475455,NULL,"blocker","shooter",NULL,8471392,8477922,8468208,8476919,8475455,NULL,8474889,8474176,8475208,8471724,8473548,8474009,NULL,8476899
20152016,20160531,30411,194,2,"regular",650,1,2,5,5,NULL,NULL,NULL,"Puck in Benches","stop",NULL,NULL,NULL,NULL,NULL,NULL,NULL,NULL,NULL,8471392,8477922,8468208,8476919,8475455,NULL,8474889,8474176,8475208,8471724,8473548,8474009,NULL,8476899
20152016,20160531,30411,195,2,"regular",650,1,2,5,5,"n",20,23,"Joe Thornton faceoff won against Sidney Crosby","faceoff",NULL,"sjs","away",8466138,8471675,NULL,"winner","loser",NULL,8470794,8476881,8470613,8466138,8468542,NULL,8474889,8475208,8471724,8471887,8477839,8471675,NULL,8476899
20152016,20160531,30411,196,2,"regular",659,1,2,5,5,"d",60,-9,"Sidney Crosby blocked shot from Tomas Hertl","blocked_shot",NULL,"sjs","away",8471675,8476881,NULL,"blocker","shooter",NULL,8470794,8476881,8470613,8466138,8468542,NULL,8474889,8475208,8471724,8477839,8471887,8471675,NULL,8476899
20152016,20160531,30411,197,2,"regular",666,1,2,5,5,"d",84,-40,"Joe Thornton","giveaway",NULL,"sjs","away",8466138,NULL,NULL,"giver",NULL,NULL,8470794,8476881,8470613,8466138,8468542,NULL,8474889,8475208,8471724,8477839,8471887,8471675,NULL,8476899
20152016,20160531,30411,198,2,"regular",676,1,2,5,5,"d",45,-10,"Brent Burns Snap Shot saved by Matthew Murray","shot","snap shot","sjs","away",8470613,8476899,NULL,"shooter","goalie",NULL,8470794,8476881,8470613,8466138,8468542,NULL,8474889,8475208,8471724,8477839,8471887,8471675,NULL,8476899
20152016,20160531,30411,199,2,"regular",677,1,2,5,5,NULL,NULL,NULL,"Goalie Stopped","stop",NULL,NULL,NULL,NULL,NULL,NULL,NULL,NULL,NULL,8470794,8476881,8470613,8466138,8468542,NULL,8474889,8475208,8471724,8471887,8477839,8471675,NULL,8476899
20152016,20160531,30411,200,2,"regular",677,1,2,5,5,"d",69,-22,"Logan Couture faceoff won against Matt Cullen","faceoff",NULL,"sjs","away",8474053,8464989,NULL,"winner","loser",NULL,8471392,8474053,8475820,8466139,8475455,NULL,8474889,8476874,8473933,8470611,8475832,8464989,NULL,8476899
20152016,20160531,30411,201,2,"regular",703,1,2,5,5,"d",95,-3,"Patrick Marleau","giveaway",NULL,"sjs","away",8466139,NULL,NULL,"giver",NULL,NULL,8471392,8474053,8475820,8466139,8475455,NULL,8474889,8476874,8473933,8470611,8475832,8464989,NULL,8476899
20152016,20160531,30411,202,2,"regular",720,1,2,5,5,"o",-79,31,"Bryan Rust - Wide of Net","missed_shot",NULL,"pit","home",8475810,NULL,NULL,"shooter",NULL,NULL,8471392,8474096,8474739,8466139,8475455,NULL,8474889,8475810,8474602,8464989,8475832,8474013,NULL,8476899
20152016,20160531,30411,203,2,"regular",734,1,2,5,5,"o",-58,7,"Justin Schultz Backhand saved by Martin Jones","shot","backhand","pit","home",8474602,8474889,NULL,"shooter","goalie",NULL,8471392,8474096,8474739,8466139,8475455,NULL,8474889,8475810,8474602,8471215,8470543,8474013,NULL,8476899
20152016,20160531,30411,204,2,"regular",737,1,2,5,5,"o",-93,-33,"Justin Schultz hit Nick Spaling","hit",NULL,"pit","home",8474096,8474602,NULL,"hittee","hitter",NULL,8471392,8474096,8474739,8466139,8475455,NULL,8474889,8475810,8474602,8471215,8470543,8474013,NULL,8476899
20152016,20160531,30411,205,2,"regular",764,1,2,5,5,"o",-48,8,"Evgeni Malkin","giveaway",NULL,"pit","home",8471215,NULL,NULL,"giver",NULL,NULL,8471392,8474096,8474739,8466139,8475455,NULL,8474889,8475810,8474602,8471215,8470543,8474013,NULL,8476899
20152016,20160531,30411,206,2,"regular",773,1,2,5,5,"n",12,-39,"Tommy Wingels hit Evgeni Malkin","hit",NULL,"sjs","away",8471215,8474739,NULL,"hittee","hitter",NULL,8471392,8477922,8474739,8476919,8475455,NULL,8474889,8475810,8474602,8471215,8470543,8474013,NULL,8476899
20152016,20160531,30411,207,2,"regular",775,1,2,5,5,"o",-35,-23,"Chris Kunitz Wrist Shot saved by Martin Jones","shot","wrist shot","pit","home",8470543,8474889,NULL,"shooter","goalie",NULL,8471392,8477922,8474739,8476919,8475455,NULL,8474889,8475810,8474602,8471215,8470543,8474013,NULL,8476899
20152016,20160531,30411,208,2,"regular",782,1,2,5,5,NULL,NULL,NULL,"Offside","stop",NULL,NULL,NULL,NULL,NULL,NULL,NULL,NULL,NULL,8471392,8477922,8468208,8476919,8475455,NULL,8474889,8474176,8475208,8471724,8473548,8474009,NULL,8476899
20152016,20160531,30411,209,2,"regular",782,1,2,5,5,"o",-69,-22,"Nick Bonino faceoff won against Joel Ward","faceoff",NULL,"pit","home",8474009,8468208,NULL,"winner","loser",NULL,8477922,8474027,8468208,8476919,8471709,NULL,8474889,8474176,8475208,8471724,8473548,8474009,NULL,8476899
20152016,20160531,30411,210,2,"regular",790,1,2,5,5,"o",-78,1,"Nick Bonino Wrist Shot saved by Martin Jones","shot","wrist shot","pit","home",8474009,8474889,NULL,"shooter","goalie",NULL,8477922,8474027,8468208,8476919,8471709,NULL,8474889,8474176,8475208,8471724,8473548,8474009,NULL,8476899
20152016,20160531,30411,211,2,"regular",791,1,2,5,5,NULL,NULL,NULL,"Goalie Stopped","stop",NULL,NULL,NULL,NULL,NULL,NULL,NULL,NULL,NULL,8477922,8474027,8468208,8476919,8471709,NULL,8474889,8474176,8475208,8471724,8473548,8474009,NULL,8476899
20152016,20160531,30411,212,2,"regular",791,1,2,5,5,"o",-69,22,"Joe Thornton faceoff won against Nick Bonino","faceoff",NULL,"sjs","away",8466138,8474009,NULL,"winner","loser",NULL,8470794,8476881,8470613,8466138,8468542,NULL,8474889,8474176,8475208,8471724,8473548,8474009,NULL,8476899
20152016,20160531,30411,213,2,"regular",813,1,2,5,5,"d",68,-1,"Nick Bonino blocked shot from Brent Burns","blocked_shot",NULL,"sjs","away",8474009,8470613,NULL,"blocker","shooter",NULL,8470794,8476881,8470613,8466138,8468542,NULL,8474889,8474176,8475208,8471724,8473548,8474009,NULL,8476899
20152016,20160531,30411,214,2,"regular",819,1,2,5,5,"d",69,16,"Nick Bonino","takeaway",NULL,"pit","home",8474009,NULL,NULL,"taker",NULL,NULL,8470794,8476881,8470613,8466138,8468542,NULL,8474889,8474176,8475208,8471724,8473548,8474009,NULL,8476899
20152016,20160531,30411,215,2,"regular",831,1,2,5,5,"o",-66,17,"Joe Pavelski blocked shot from Carl Hagelin","blocked_shot",NULL,"pit","home",8470794,8474176,NULL,"blocker","shooter",NULL,8470794,8476881,8470613,8466138,8468542,NULL,8474889,8474176,8471724,8476874,8473548,8471675,NULL,8476899
20152016,20160531,30411,216,2,"regular",844,1,2,5,5,"d",91,39,"Joe Pavelski hit Ben Lovejoy","hit",NULL,"sjs","away",8473933,8470794,NULL,"hittee","hitter",NULL,8470794,8476881,8470613,8466138,8468542,NULL,8474889,8476874,8477839,8473933,8471887,8471675,NULL,8476899
20152016,20160531,30411,217,2,"regular",890,1,2,5,5,"d",96,17,"Ian Cole hit Melker Karlsson","hit",NULL,"pit","home",8477922,8474013,NULL,"hittee","hitter",NULL,8471392,8477922,8474739,8476919,8475455,NULL,8474889,8476874,8477839,8471887,8471675,8474013,NULL,8476899
20152016,20160531,30411,218,2,"regular",901,1,2,5,5,"d",48,-17,"Patric Hornqvist blocked shot from Roman Polak","blocked_shot",NULL,"sjs","away",8471887,8471392,NULL,"blocker","shooter",NULL,8471392,8477922,8474739,8476919,8475455,NULL,8474889,8476874,8477839,8471887,8471675,8474013,NULL,8476899
20152016,20160531,30411,219,2,"regular",908,1,2,5,5,"n",-19,-41,"Brenden Dillon hit Conor Sheary","hit",NULL,"sjs","away",8477839,8475455,NULL,"hittee","hitter",NULL,8471392,8477922,8474096,8474739,8475455,NULL,8474889,8476874,8477839,8471887,8471675,8474013,NULL,8476899
20152016,20160531,30411,220,2,"regular",920,1,2,5,5,"d",99,-19,"Nick Spaling hit Evgeni Malkin","hit",NULL,"sjs","away",8471215,8474096,NULL,"hittee","hitter",NULL,8471392,8475820,8474096,8464977,8475455,NULL,8474889,8475810,8474602,8471215,8470543,8474013,NULL,8476899
20152016,20160531,30411,221,2,"regular",936,1,2,5,5,"d",63,29,"Nick Spaling Slap Shot saved by Matthew Murray","shot","slap shot","sjs","away",8474096,8476899,NULL,"shooter","goalie",NULL,8471392,8475820,8474096,8464977,8475455,NULL,8474889,8475810,8474602,8471215,8470543,8474013,NULL,8476899
20152016,20160531,30411,222,2,"regular",952,1,2,5,5,"d",82,-40,"Ian Cole hit Joonas Donskoi","hit",NULL,"pit","home",8475820,8474013,NULL,"hittee","hitter",NULL,8474053,8475820,8470613,8466139,8468542,NULL,8474889,8475810,8474602,8471215,8470543,8474013,NULL,8476899
20152016,20160531,30411,223,2,"regular",963,1,2,5,5,"d",72,-5,"Ian Cole blocked shot from Brent Burns","blocked_shot",NULL,"sjs","away",8474013,8470613,NULL,"blocker","shooter",NULL,8474053,8475820,8470613,8466139,8468542,NULL,8474889,8475810,8474602,8471215,8470543,8474013,NULL,8476899
20152016,20160531,30411,224,2,"regular",992,1,2,5,5,"d",60,-9,"Brian Dumoulin blocked shot from Roman Polak","blocked_shot",NULL,"sjs","away",8475208,8471392,NULL,"blocker","shooter",NULL,8471392,8470794,8476881,8466138,8475455,NULL,8474889,8475208,8474602,8470611,8475832,8464989,NULL,8476899
20152016,20160531,30411,225,2,"regular",1019,1,2,5,5,NULL,NULL,NULL,"Puck in Crowd","stop",NULL,NULL,NULL,NULL,NULL,NULL,NULL,NULL,NULL,8471392,8477922,8474027,8468208,8476919,NULL,8474889,8474176,8475208,8471724,8473548,8464989,NULL,8476899
20152016,20160531,30411,226,2,"regular",1019,1,2,5,5,"n",1,1,"Nick Bonino faceoff won against Chris Tierney","faceoff",NULL,"pit","home",8474009,8476919,NULL,"winner","loser",NULL,8477922,8474027,8468208,8476919,8471709,NULL,8474889,8474176,8474602,8473548,8474009,8474013,NULL,8476899
20152016,20160531,30411,227,2,"regular",1047,1,2,5,5,"d",88,-29,"Ian Cole","giveaway",NULL,"pit","home",8474013,NULL,NULL,"giver",NULL,NULL,8477922,8474027,8468208,8476919,8471709,NULL,8474889,8474176,8474602,8473548,8474009,8474013,NULL,8476899
20152016,20160531,30411,228,2,"regular",1083,1,2,5,5,"d",95,-33,"Olli Maatta hit Logan Couture","hit",NULL,"pit","home",8474053,8476874,NULL,"hittee","hitter",NULL,8474053,8475820,8470613,8466139,8468542,NULL,8474889,8476874,8477839,8473933,8471887,8471675,NULL,8476899
20152016,20160531,30411,229,2,"regular",1089,1,2,5,5,"d",33,-30,"Brent Burns Wrist Shot saved by Matthew Murray","shot","wrist shot","sjs","away",8470613,8476899,NULL,"shooter","goalie",NULL,8474053,8475820,8470613,8466139,8468542,NULL,8474889,8476874,8477839,8473933,8471887,8471675,NULL,8476899
20152016,20160531,30411,230,2,"regular",1092,1,2,5,5,"d",85,7,"Patrick Marleau (5) Backhand; assists: Brent Burns (16); Logan Couture (17)","goal","backhand","sjs","away",8470613,8474053,8466139,"assist1","assist2","scorer",8474053,8475820,8470613,8466139,8468542,NULL,8474889,8476874,8473933,8477839,8471887,8471675,NULL,8476899
20152016,20160531,30411,231,2,"regular",1092,2,2,5,5,"n",0,0,"Evgeni Malkin faceoff won against Joe Thornton","faceoff",NULL,"pit","home",8471215,8466138,NULL,"winner","loser",NULL,8470794,8474027,8476881,8466138,8471709,NULL,8474889,8475810,8475208,8471724,8471215,8470543,NULL,8476899
20152016,20160531,30411,232,2,"regular",1102,2,2,5,5,NULL,NULL,NULL,"Icing","stop",NULL,NULL,NULL,NULL,NULL,NULL,NULL,NULL,NULL,8470794,8474027,8476881,8466138,8471709,NULL,8474889,8475810,8475208,8471724,8471215,8470543,NULL,8476899
20152016,20160531,30411,233,2,"regular",1102,2,2,5,5,"d",69,-22,"Joe Pavelski faceoff won against Evgeni Malkin","faceoff",NULL,"sjs","away",8470794,8471215,NULL,"winner","loser",NULL,8470794,8476881,8470613,8466138,8471709,NULL,8474889,8475810,8475208,8471724,8471215,8470543,NULL,8476899
20152016,20160531,30411,234,2,"regular",1110,2,2,5,5,"d",36,-9,"Brent Burns - Over Net","missed_shot",NULL,"sjs","away",8470613,NULL,NULL,"shooter",NULL,NULL,8470794,8476881,8470613,8466138,8471709,NULL,8474889,8475810,8475208,8471724,8471215,8470543,NULL,8476899
20152016,20160531,30411,235,2,"regular",1116,2,2,5,5,"d",33,-18,"Brent Burns - Wide of Net","missed_shot",NULL,"sjs","away",8470613,NULL,NULL,"shooter",NULL,NULL,8470794,8476881,8470613,8466138,8471709,NULL,8474889,8475810,8475208,8471724,8471215,8470543,NULL,8476899
20152016,20160531,30411,236,2,"regular",1132,2,2,5,5,"d",92,8,"Joe Pavelski Tripping against Brian Dumoulin -- minor -- 2","penalty","tripping","sjs","away",8470794,8475208,NULL,"penaltyon","drewby",NULL,8470794,8476881,8470613,8466138,8471709,NULL,8474889,8475810,8475208,8471724,8471215,8470543,NULL,8476899
20152016,20160531,30411,237,2,"regular",1132,2,2,5,5,"n",17,-31,"Joe Thornton Roughing against Evgeni Malkin -- minor -- 2","penalty","roughing","sjs","away",8466138,8471215,NULL,"penaltyon","drewby",NULL,8470794,8476881,8470613,8466138,8471709,NULL,8474889,8475810,8475208,8471724,8471215,8470543,NULL,8476899
20152016,20160531,30411,238,2,"regular",1132,2,2,5,5,"d",30,-20,"Evgeni Malkin Slashing against Joe Thornton -- minor -- 2","penalty","slashing","pit","home",8471215,8466138,NULL,"penaltyon","drewby",NULL,8470794,8476881,8470613,8466138,8471709,NULL,8474889,8475810,8475208,8471724,8471215,8470543,NULL,8476899
20152016,20160531,30411,239,2,"regular",1132,2,2,4,5,"o",-69,22,"Sidney Crosby faceoff won against Chris Tierney","faceoff",NULL,"pit","home",8471675,8476919,NULL,"winner","loser",NULL,8477922,8474027,8471709,8476919,NULL,NULL,8474889,8471724,8474602,8473548,8471887,8471675,NULL,8476899
20152016,20160531,30411,240,2,"regular",1144,2,2,4,5,"o",-72,-20,"Phil Kessel Wrist Shot saved by Martin Jones","shot","wrist shot","pit","home",8473548,8474889,NULL,"shooter","goalie",NULL,8477922,8474027,8471709,8476919,NULL,NULL,8474889,8471724,8474602,8473548,8471887,8471675,NULL,8476899
20152016,20160531,30411,241,2,"regular",1184,2,2,4,5,"o",-60,-13,"Justin Braun blocked shot from Kris Letang","blocked_shot",NULL,"pit","home",8474027,8471724,NULL,"blocker","shooter",NULL,8477922,8474027,8471709,8476919,NULL,NULL,8474889,8471724,8474602,8473548,8471887,8471675,NULL,8476899
20152016,20160531,30411,242,2,"regular",1187,2,2,4,5,"o",-71,-40,"Patric Hornqvist hit Justin Braun","hit",NULL,"pit","home",8474027,8471887,NULL,"hittee","hitter",NULL,8477922,8474027,8471709,8476919,NULL,NULL,8474889,8471724,8474602,8473548,8471887,8471675,NULL,8476899
20152016,20160531,30411,243,2,"regular",1200,2,2,NULL,NULL,NULL,NULL,NULL,"period end","period_end",NULL,NULL,NULL,NULL,NULL,NULL,NULL,NULL,NULL,NULL,NULL,NULL,NULL,NULL,NULL,NULL,NULL,NULL,NULL,NULL,NULL,NULL,NULL
20152016,20160531,30411,244,2,"regular",1200,2,2,NULL,NULL,NULL,NULL,NULL,"Period Official","period_official",NULL,NULL,NULL,NULL,NULL,NULL,NULL,NULL,NULL,NULL,NULL,NULL,NULL,NULL,NULL,NULL,NULL,NULL,NULL,NULL,NULL,NULL,NULL
20152016,20160531,30411,245,3,"regular",0,2,2,NULL,NULL,NULL,NULL,NULL,"Period Ready","period_ready",NULL,NULL,NULL,NULL,NULL,NULL,NULL,NULL,NULL,NULL,NULL,NULL,NULL,NULL,NULL,NULL,NULL,NULL,NULL,NULL,NULL,NULL,NULL
20152016,20160531,30411,246,3,"regular",0,2,2,NULL,NULL,NULL,NULL,NULL,"Period Start","period_start",NULL,NULL,NULL,NULL,NULL,NULL,NULL,NULL,NULL,NULL,NULL,NULL,NULL,NULL,NULL,NULL,NULL,NULL,NULL,NULL,NULL,NULL,NULL
20152016,20160531,30411,247,3,"regular",0,2,2,4,5,"n",0,1,"Chris Tierney faceoff won against Sidney Crosby","faceoff",NULL,"sjs","away",8476919,8471675,NULL,"winner","loser",NULL,8477922,8470613,8468542,8476919,NULL,NULL,8474889,8471724,8474602,8473548,8471887,8471675,NULL,8476899
20152016,20160531,30411,248,3,"regular",12,2,2,4,5,"n",-22,23,"Brent Burns hit Patric Hornqvist","hit",NULL,"sjs","away",8471887,8470613,NULL,"hittee","hitter",NULL,8477922,8470613,8468542,8476919,NULL,NULL,8474889,8471724,8474602,8473548,8471887,8471675,NULL,8476899
20152016,20160531,30411,249,3,"regular",50,2,2,4,5,"o",82,-37,"Marc-Edouard Vlasic","giveaway",NULL,"sjs","away",8471709,NULL,NULL,"giver",NULL,NULL,8474096,8474027,8471709,8474053,NULL,NULL,8474889,8471724,8474602,8473548,8471887,8471675,NULL,8476899
20152016,20160531,30411,250,3,"regular",54,2,2,5,5,"o",69,32,"Phil Kessel - Wide of Net","missed_shot",NULL,"pit","home",8473548,NULL,NULL,"shooter",NULL,NULL,8474053,8470794,8474027,8474096,8471709,NULL,8474889,8471724,8474602,8473548,8471887,8471675,NULL,8476899
20152016,20160531,30411,251,3,"regular",81,2,2,5,5,NULL,NULL,NULL,"Offside","stop",NULL,NULL,NULL,NULL,NULL,NULL,NULL,NULL,NULL,8471392,8464977,8470794,8476881,8475455,NULL,8474889,8474176,8476874,8473933,8477839,8474009,NULL,8476899
20152016,20160531,30411,252,3,"regular",81,2,2,5,5,"d",-69,22,"Matt Cullen faceoff won against Joe Pavelski","faceoff",NULL,"pit","home",8464989,8470794,NULL,"winner","loser",NULL,8471392,8470794,8476881,8466138,8475455,NULL,8474889,8475208,8473933,8470611,8475832,8464989,NULL,8476899
20152016,20160531,30411,253,3,"regular",104,2,2,5,5,"n",20,-8,"Eric Fehr","takeaway",NULL,"pit","home",8470611,NULL,NULL,"taker",NULL,NULL,8471392,8470794,8476881,8466138,8475455,NULL,8474889,8475208,8473933,8470611,8475832,8464989,NULL,8476899
20152016,20160531,30411,254,3,"regular",106,2,2,5,5,"o",56,-10,"Eric Fehr - Over Net","missed_shot",NULL,"pit","home",8470611,NULL,NULL,"shooter",NULL,NULL,8471392,8470794,8476881,8466138,8475455,NULL,8474889,8475208,8473933,8470611,8475832,8464989,NULL,8476899
20152016,20160531,30411,255,3,"regular",122,2,2,5,5,"d",-77,-18,"Ben Lovejoy","giveaway",NULL,"pit","home",8473933,NULL,NULL,"giver",NULL,NULL,8474053,8475820,8470613,8466139,8468542,NULL,8474889,8475810,8471724,8473933,8471215,8470543,NULL,8476899
20152016,20160531,30411,256,3,"regular",140,2,2,5,5,"o",94,38,"Brent Burns hit Bryan Rust","hit",NULL,"sjs","away",8475810,8470613,NULL,"hittee","hitter",NULL,8474053,8475820,8470613,8466139,8468542,NULL,8474889,8475810,8476874,8471724,8471215,8470543,NULL,8476899
20152016,20160531,30411,257,3,"regular",151,2,2,5,5,"d",-68,12,"Logan Couture Tip-In saved by Matthew Murray","shot","tip-in","sjs","away",8474053,8476899,NULL,"shooter","goalie",NULL,8474053,8474027,8475820,8466139,8468542,NULL,8474889,8475810,8476874,8471724,8471215,8470543,NULL,8476899
20152016,20160531,30411,258,3,"regular",153,2,2,5,5,"d",-86,13,"Logan Couture Wrist Shot saved by Matthew Murray","shot","wrist shot","sjs","away",8474053,8476899,NULL,"shooter","goalie",NULL,8474053,8474027,8475820,8466139,8468542,NULL,8474889,8475810,8476874,8471724,8471215,8470543,NULL,8476899
20152016,20160531,30411,259,3,"regular",185,2,2,5,5,"n",15,31,"Joel Ward","giveaway",NULL,"sjs","away",8468208,NULL,NULL,"giver",NULL,NULL,8477922,8474027,8468208,8476919,8471709,NULL,8474889,8474176,8474602,8473548,8474009,8474013,NULL,8476899
20152016,20160531,30411,260,3,"regular",191,2,2,5,5,"n",-14,-39,"Melker Karlsson hit Nick Bonino","hit",NULL,"sjs","away",8474009,8477922,NULL,"hittee","hitter",NULL,8477922,8474027,8468208,8476919,8471709,NULL,8474889,8474176,8474602,8473548,8474009,8474013,NULL,8476899
20152016,20160531,30411,261,3,"regular",211,2,2,5,5,"o",99,-1,"Brent Burns","giveaway",NULL,"sjs","away",8470613,NULL,NULL,"giver",NULL,NULL,8474096,8464977,8474739,8470613,8468542,NULL,8474889,8475208,8471724,8477839,8471887,8471675,NULL,8476899
20152016,20160531,30411,262,3,"regular",231,2,2,5,5,"o",58,-31,"Paul Martin hit Conor Sheary","hit",NULL,"sjs","away",8477839,8468542,NULL,"hittee","hitter",NULL,8470794,8464977,8470613,8466138,8468542,NULL,8474889,8475208,8471724,8477839,8471887,8471675,NULL,8476899
20152016,20160531,30411,263,3,"regular",241,2,2,5,5,"o",68,4,"Dainius Zubrus blocked shot from Brian Dumoulin","blocked_shot",NULL,"pit","home",8464977,8475208,NULL,"blocker","shooter",NULL,8470794,8464977,8470613,8466138,8468542,NULL,8474889,8475208,8471724,8477839,8471887,8471675,NULL,8476899
20152016,20160531,30411,264,3,"regular",287,2,2,5,5,"o",42,1,"Patrick Marleau Illegal check to head against Bryan Rust -- minor -- 2","penalty","illegal check to head","sjs","away",8466139,8475810,NULL,"penaltyon","drewby",NULL,8471392,8474053,8475820,8466139,8475455,NULL,8474889,8475810,8476874,8473933,8470543,8471215,NULL,8476899
20152016,20160531,30411,265,3,"regular",287,2,2,4,5,"o",69,-22,"Sidney Crosby faceoff won against Chris Tierney","faceoff",NULL,"pit","home",8471675,8476919,NULL,"winner","loser",NULL,8477922,8470613,8468542,8476919,NULL,NULL,8474889,8471724,8473548,8471215,8471887,8471675,NULL,8476899
20152016,20160531,30411,266,3,"regular",294,2,2,4,5,"o",57,-36,"Sidney Crosby","giveaway",NULL,"pit","home",8471675,NULL,NULL,"giver",NULL,NULL,8477922,8470613,8468542,8476919,NULL,NULL,8474889,8471724,8473548,8471215,8471887,8471675,NULL,8476899
20152016,20160531,30411,267,3,"regular",296,2,2,4,5,"o",49,-38,"Sidney Crosby","takeaway",NULL,"pit","home",8471675,NULL,NULL,"taker",NULL,NULL,8477922,8470613,8468542,8476919,NULL,NULL,8474889,8471724,8473548,8471215,8471887,8471675,NULL,8476899
20152016,20160531,30411,268,3,"regular",335,2,2,4,5,"o",66,-11,"Paul Martin blocked shot from Sidney Crosby","blocked_shot",NULL,"pit","home",8468542,8471675,NULL,"blocker","shooter",NULL,8474096,8470613,8468542,8464977,NULL,NULL,8474889,8471724,8473548,8471215,8471887,8471675,NULL,8476899
20152016,20160531,30411,269,3,"regular",349,2,2,4,5,"o",87,-36,"Dainius Zubrus hit Patric Hornqvist","hit",NULL,"sjs","away",8471887,8464977,NULL,"hittee","hitter",NULL,8474096,8470613,8468542,8464977,NULL,NULL,8474889,8471724,8473548,8471215,8471887,8471675,NULL,8476899
20152016,20160531,30411,270,3,"regular",369,2,2,4,5,"o",37,-21,"Kris Letang - Wide of Net","missed_shot",NULL,"pit","home",8471724,NULL,NULL,"shooter",NULL,NULL,8474096,8470613,8468542,8464977,NULL,NULL,8474889,8470543,8471724,8473548,8471215,8471675,NULL,8476899
20152016,20160531,30411,271,3,"regular",371,2,2,4,5,NULL,NULL,NULL,"Goalie Stopped","stop",NULL,NULL,NULL,NULL,NULL,NULL,NULL,NULL,NULL,8474096,8470613,8468542,8464977,NULL,NULL,8474889,8470543,8473548,8471724,8471215,8471675,NULL,8476899
20152016,20160531,30411,272,3,"regular",371,2,2,4,5,"o",69,-22,"Logan Couture faceoff won against Nick Bonino","faceoff",NULL,"sjs","away",8474053,8474009,NULL,"winner","loser",NULL,8468208,8474027,8474053,8471709,NULL,NULL,8474889,8475208,8474602,8477839,8474009,8470543,NULL,8476899
20152016,20160531,30411,273,3,"regular",413,2,2,5,5,"o",76,3,"Justin Braun blocked shot from Brian Dumoulin","blocked_shot",NULL,"pit","home",8474027,8475208,NULL,"blocker","shooter",NULL,8470794,8474027,8476881,8466139,8471709,NULL,8474889,8475208,8474602,8477839,8474009,8470543,NULL,8476899
20152016,20160531,30411,274,3,"regular",417,2,2,5,5,"o",78,1,"Conor Sheary Wrist Shot saved by Martin Jones","shot","wrist shot","pit","home",8477839,8474889,NULL,"shooter","goalie",NULL,8470794,8474027,8476881,8466139,8471709,NULL,8474889,8475208,8474602,8477839,8474009,8470543,NULL,8476899
20152016,20160531,30411,275,3,"regular",418,2,2,5,5,"o",81,-3,"Chris Kunitz Wrist Shot saved by Martin Jones","shot","wrist shot","pit","home",8470543,8474889,NULL,"shooter","goalie",NULL,8470794,8474027,8476881,8466138,8471709,NULL,8474889,8475208,8474602,8477839,8474009,8470543,NULL,8476899
20152016,20160531,30411,276,3,"regular",419,2,2,5,5,NULL,NULL,NULL,"Offside","stop",NULL,NULL,NULL,NULL,NULL,NULL,NULL,NULL,NULL,8470794,8474027,8476881,8466138,8471709,NULL,8474889,8475208,8474602,8477839,8474009,8470543,NULL,8476899
20152016,20160531,30411,277,3,"regular",419,2,2,5,5,"n",1,1,"Joe Pavelski faceoff won against Matt Cullen","faceoff",NULL,"sjs","away",8470794,8464989,NULL,"winner","loser",NULL,8470794,8476881,8470613,8466138,8468542,NULL,8474889,8475208,8471724,8470611,8475832,8464989,NULL,8476899
20152016,20160531,30411,278,3,"regular",424,2,2,5,5,NULL,NULL,NULL,"Puck in Benches","stop",NULL,NULL,NULL,NULL,NULL,NULL,NULL,NULL,NULL,8470794,8476881,8470613,8466138,8468542,NULL,8474889,8475208,8471724,8470611,8475832,8464989,NULL,8476899
20152016,20160531,30411,279,3,"regular",424,2,2,5,5,"n",-19,23,"Matt Cullen faceoff won against Joe Pavelski","faceoff",NULL,"pit","home",8464989,8470794,NULL,"winner","loser",NULL,8470794,8476881,8470613,8466138,8468542,NULL,8474889,8475208,8471724,8470611,8475832,8464989,NULL,8476899
20152016,20160531,30411,280,3,"regular",434,2,2,5,5,"o",98,-23,"Tom Kuhnhackl hit Paul Martin","hit",NULL,"pit","home",8468542,8475832,NULL,"hittee","hitter",NULL,8470794,8476881,8470613,8466138,8468542,NULL,8474889,8475208,8471724,8470611,8475832,8464989,NULL,8476899
20152016,20160531,30411,281,3,"regular",449,2,2,5,5,NULL,NULL,NULL,"Icing","stop",NULL,NULL,NULL,NULL,NULL,NULL,NULL,NULL,NULL,8470794,8476881,8470613,8466138,8468542,NULL,8474889,8475208,8471724,8470611,8475832,8464989,NULL,8476899
20152016,20160531,30411,282,3,"regular",449,2,2,5,5,"d",-69,22,"Matt Cullen faceoff won against Logan Couture","faceoff",NULL,"pit","home",8464989,8474053,NULL,"winner","loser",NULL,8471392,8474053,8475820,8466139,8475455,NULL,8474889,8475208,8471724,8470611,8475832,8464989,NULL,8476899
20152016,20160531,30411,283,3,"regular",467,2,2,5,5,"o",97,-1,"Eric Fehr hit Roman Polak","hit",NULL,"pit","home",8471392,8470611,NULL,"hittee","hitter",NULL,8471392,8474053,8475820,8466139,8475455,NULL,8474889,8476874,8473933,8477839,8470611,8464989,NULL,8476899
20152016,20160531,30411,284,3,"regular",487,2,2,5,5,"d",-36,-31,"Patric Hornqvist blocked shot from Brenden Dillon","blocked_shot",NULL,"sjs","away",8471887,8475455,NULL,"blocker","shooter",NULL,8471392,8474053,8475820,8466139,8475455,NULL,8474889,8476874,8473933,8477839,8471887,8464989,NULL,8476899
20152016,20160531,30411,285,3,"regular",487,2,2,5,5,"d",-42,-41,"Patric Hornqvist","takeaway",NULL,"pit","home",8471887,NULL,NULL,"taker",NULL,NULL,8471392,8474053,8475820,8466139,8475455,NULL,8474889,8476874,8473933,8477839,8471887,8464989,NULL,8476899
20152016,20160531,30411,286,3,"regular",493,2,2,5,5,"o",52,-31,"Patric Hornqvist Slap Shot saved by Martin Jones","shot","slap shot","pit","home",8471887,8474889,NULL,"shooter","goalie",NULL,8471392,8474053,8475820,8466139,8475455,NULL,8474889,8476874,8477839,8473933,8471887,8471675,NULL,8476899
20152016,20160531,30411,287,3,"regular",495,2,2,5,5,"o",96,0,"Conor Sheary","takeaway",NULL,"pit","home",8477839,NULL,NULL,"taker",NULL,NULL,8471392,8474053,8475820,8466139,8475455,NULL,8474889,8476874,8477839,8473933,8471887,8471675,NULL,8476899
20152016,20160531,30411,288,3,"regular",510,2,2,5,5,"o",74,41,"Patric Hornqvist hit Justin Braun","hit",NULL,"pit","home",8474027,8471887,NULL,"hittee","hitter",NULL,8477922,8474027,8468208,8476919,8471709,NULL,8474889,8474602,8477839,8471887,8471675,8474013,NULL,8476899
20152016,20160531,30411,289,3,"regular",535,2,2,5,5,"o",96,-36,"Marc-Edouard Vlasic hit Bryan Rust","hit",NULL,"sjs","away",8475810,8471709,NULL,"hittee","hitter",NULL,8477922,8474027,8468208,8476919,8471709,NULL,8474889,8475810,8474602,8470543,8471675,8474013,NULL,8476899
20152016,20160531,30411,290,3,"regular",553,2,2,5,5,"d",-93,-35,"Chris Kunitz hit Tomas Hertl","hit",NULL,"pit","home",8476881,8470543,NULL,"hittee","hitter",NULL,8470794,8476881,8470613,8466138,8468542,NULL,8474889,8474602,8473548,8471215,8470543,8474013,NULL,8476899
20152016,20160531,30411,291,3,"regular",561,2,2,5,5,"d",-75,34,"Ian Cole","giveaway",NULL,"pit","home",8474013,NULL,NULL,"giver",NULL,NULL,8470794,8476881,8470613,8466138,8468542,NULL,8474889,8471724,8473548,8471215,8470543,8474013,NULL,8476899
20152016,20160531,30411,292,3,"regular",573,2,2,5,5,"d",-93,22,"Evgeni Malkin","giveaway",NULL,"pit","home",8471215,NULL,NULL,"giver",NULL,NULL,8470794,8476881,8470613,8466138,8468542,NULL,8474889,8471724,8473548,8471215,8470543,8474013,NULL,8476899
20152016,20160531,30411,293,3,"regular",577,2,2,5,5,"d",-78,-1,"Tomas Hertl Wrist Shot saved by Matthew Murray","shot","wrist shot","sjs","away",8476881,8476899,NULL,"shooter","goalie",NULL,8470794,8476881,8470613,8466138,8468542,NULL,8474889,8471724,8473548,8471215,8470543,8474013,NULL,8476899
20152016,20160531,30411,294,3,"regular",582,2,2,5,5,"d",-84,-9,"Tomas Hertl Wrist Shot saved by Matthew Murray","shot","wrist shot","sjs","away",8476881,8476899,NULL,"shooter","goalie",NULL,8470794,8476881,8470613,8466138,8468542,NULL,8474889,8471724,8473548,8471215,8470543,8474013,NULL,8476899
20152016,20160531,30411,295,3,"regular",590,2,2,5,5,"o",62,14,"Brent Burns blocked shot from Evgeni Malkin","blocked_shot",NULL,"pit","home",8470613,8471215,NULL,"blocker","shooter",NULL,8470794,8464977,8470613,8466138,8468542,NULL,8474889,8475208,8473548,8473933,8471215,8470543,NULL,8476899
20152016,20160531,30411,296,3,"regular",591,2,2,5,5,"o",70,38,"Joe Thornton hit Evgeni Malkin","hit",NULL,"sjs","away",8471215,8466138,NULL,"hittee","hitter",NULL,8470794,8464977,8470613,8466138,8468542,NULL,8474889,8475208,8473548,8473933,8471215,8470543,NULL,8476899
20152016,20160531,30411,297,3,"regular",596,2,2,5,5,"o",34,-27,"Ben Lovejoy Slap Shot saved by Martin Jones","shot","slap shot","pit","home",8473933,8474889,NULL,"shooter","goalie",NULL,8470794,8464977,8470613,8466138,8468542,NULL,8474889,8474176,8475208,8473548,8473933,8471215,NULL,8476899
20152016,20160531,30411,298,3,"regular",605,2,2,5,5,"o",56,-31,"Phil Kessel Wrist Shot saved by Martin Jones","shot","wrist shot","pit","home",8473548,8474889,NULL,"shooter","goalie",NULL,8474096,8464977,8474739,8468542,8475455,NULL,8474889,8474176,8475208,8473548,8473933,8474009,NULL,8476899
20152016,20160531,30411,299,3,"regular",607,2,2,5,5,"o",77,2,"Nick Bonino Wrist Shot saved by Martin Jones","shot","wrist shot","pit","home",8474009,8474889,NULL,"shooter","goalie",NULL,8474096,8464977,8474739,8468542,8475455,NULL,8474889,8474176,8475208,8473548,8473933,8474009,NULL,8476899
20152016,20160531,30411,300,3,"regular",608,2,2,5,5,NULL,NULL,NULL,"Goalie Stopped","stop",NULL,NULL,NULL,NULL,NULL,NULL,NULL,NULL,NULL,8474096,8464977,8474739,8468542,8475455,NULL,8474889,8474176,8475208,8473548,8473933,8474009,NULL,8476899
20152016,20160531,30411,301,3,"regular",608,2,2,5,5,"o",69,22,"Nick Bonino faceoff won against Logan Couture","faceoff",NULL,"pit","home",8474009,8474053,NULL,"winner","loser",NULL,8474053,8474027,8475820,8466139,8471709,NULL,8474889,8474176,8476874,8473548,8473933,8474009,NULL,8476899
20152016,20160531,30411,302,3,"regular",610,2,2,5,5,"o",65,20,"Nick Bonino Wrist Shot saved by Martin Jones","shot","wrist shot","pit","home",8474009,8474889,NULL,"shooter","goalie",NULL,8474053,8474027,8475820,8466139,8471709,NULL,8474889,8474176,8476874,8473548,8473933,8474009,NULL,8476899
20152016,20160531,30411,303,3,"regular",611,2,2,5,5,NULL,NULL,NULL,"Goalie Stopped","stop",NULL,NULL,NULL,NULL,NULL,NULL,NULL,NULL,NULL,8474053,8474027,8475820,8466139,8471709,NULL,8474889,8474176,8476874,8473548,8473933,8474009,NULL,8476899
20152016,20160531,30411,304,3,"regular",611,2,2,5,5,"o",69,22,"Logan Couture faceoff won against Nick Bonino","faceoff",NULL,"sjs","away",8474053,8474009,NULL,"winner","loser",NULL,8474053,8475820,8470613,8466139,8468542,NULL,8474889,8474176,8476874,8473548,8473933,8474009,NULL,8476899
20152016,20160531,30411,305,3,"regular",616,2,2,5,5,"o",81,40,"Carl Hagelin hit Paul Martin","hit",NULL,"pit","home",8468542,8474176,NULL,"hittee","hitter",NULL,8474053,8475820,8470613,8466139,8468542,NULL,8474889,8474176,8476874,8473548,8473933,8474009,NULL,8476899
20152016,20160531,30411,306,3,"regular",622,2,2,5,5,NULL,NULL,NULL,"Icing","stop",NULL,NULL,NULL,NULL,NULL,NULL,NULL,NULL,NULL,8474053,8475820,8470613,8466139,8468542,NULL,8474889,8474176,8476874,8473548,8473933,8474009,NULL,8476899
20152016,20160531,30411,307,3,"regular",622,2,2,5,5,"o",69,22,"Nick Bonino faceoff won against Logan Couture","faceoff",NULL,"pit","home",8474009,8474053,NULL,"winner","loser",NULL,8474053,8475820,8470613,8466139,8468542,NULL,8474889,8474176,8476874,8473548,8473933,8474009,NULL,8476899
20152016,20160531,30411,308,3,"regular",624,2,2,5,5,"o",41,10,"Ben Lovejoy Wrist Shot saved by Martin Jones","shot","wrist shot","pit","home",8473933,8474889,NULL,"shooter","goalie",NULL,8474053,8475820,8470613,8466139,8468542,NULL,8474889,8474176,8476874,8473548,8473933,8474009,NULL,8476899
20152016,20160531,30411,309,3,"regular",625,2,2,5,5,NULL,NULL,NULL,"Goalie Stopped","stop",NULL,NULL,NULL,NULL,NULL,NULL,NULL,NULL,NULL,8474053,8475820,8470613,8466139,8468542,NULL,8474889,8474176,8476874,8473548,8473933,8474009,NULL,8476899
20152016,20160531,30411,310,3,"regular",625,2,2,5,5,"o",70,21,"Sidney Crosby faceoff won against Joel Ward","faceoff",NULL,"pit","home",8471675,8468208,NULL,"winner","loser",NULL,8477922,8468208,8470613,8476919,8468542,NULL,8474889,8474602,8477839,8471887,8471675,8474013,NULL,8476899
20152016,20160531,30411,311,3,"regular",633,2,2,5,5,"o",78,6,"Patric Hornqvist Wrist Shot saved by Martin Jones","shot","wrist shot","pit","home",8471887,8474889,NULL,"shooter","goalie",NULL,8477922,8468208,8470613,8476919,8468542,NULL,8474889,8474602,8477839,8471887,8471675,8474013,NULL,8476899
20152016,20160531,30411,312,3,"regular",644,2,2,5,5,"o",35,31,"Ian Cole - Wide of Net","missed_shot",NULL,"pit","home",8474013,NULL,NULL,"shooter",NULL,NULL,8477922,8468208,8470613,8476919,8468542,NULL,8474889,8474602,8477839,8471887,8471675,8474013,NULL,8476899
20152016,20160531,30411,313,3,"regular",659,2,2,5,5,"o",86,-8,"Patric Hornqvist Wrist Shot saved by Martin Jones","shot","wrist shot","pit","home",8471887,8474889,NULL,"shooter","goalie",NULL,8477922,8468208,8470613,8476919,8468542,NULL,8474889,8474602,8477839,8471887,8471675,8474013,NULL,8476899
20152016,20160531,30411,314,3,"regular",661,2,2,5,5,"o",80,2,"Sidney Crosby Wrist Shot saved by Martin Jones","shot","wrist shot","pit","home",8471675,8474889,NULL,"shooter","goalie",NULL,8477922,8468208,8470613,8476919,8468542,NULL,8474889,8474602,8477839,8471887,8471675,8474013,NULL,8476899
20152016,20160531,30411,315,3,"regular",705,2,2,5,5,"d",-64,-9,"Matt Cullen blocked shot from Brenden Dillon","blocked_shot",NULL,"sjs","away",8464989,8475455,NULL,"blocker","shooter",NULL,8471392,8474096,8464977,8474739,8475455,NULL,8474889,8476874,8471724,8470611,8475832,8464989,NULL,8476899
20152016,20160531,30411,316,3,"regular",710,2,2,5,5,"d",-42,29,"Roman Polak - Wide of Net","missed_shot",NULL,"sjs","away",8471392,NULL,NULL,"shooter",NULL,NULL,8471392,8474096,8464977,8474739,8475455,NULL,8474889,8476874,8471724,8470611,8475832,8464989,NULL,8476899
20152016,20160531,30411,317,3,"regular",736,2,2,5,5,"d",-38,27,"Roman Polak Slap Shot saved by Matthew Murray","shot","slap shot","sjs","away",8471392,8476899,NULL,"shooter","goalie",NULL,8471392,8470794,8464977,8466138,8475455,NULL,8474889,8476874,8471724,8470611,8475832,8464989,NULL,8476899
20152016,20160531,30411,318,3,"regular",748,2,2,5,5,"n",16,23,"Joe Thornton","giveaway",NULL,"sjs","away",8466138,NULL,NULL,"giver",NULL,NULL,8471392,8470794,8476881,8466138,8475455,NULL,8474889,8475208,8473548,8473933,8471215,8470543,NULL,8476899
20152016,20160531,30411,319,3,"regular",765,2,2,5,5,"n",17,14,"Tomas Hertl","takeaway",NULL,"sjs","away",8476881,NULL,NULL,"taker",NULL,NULL,8474053,8474027,8475820,8476881,8471709,NULL,8474889,8475208,8473548,8473933,8471215,8470543,NULL,8476899
20152016,20160531,30411,320,3,"regular",772,2,2,5,5,"d",-64,28,"Logan Couture Snap Shot saved by Matthew Murray","shot","snap shot","sjs","away",8474053,8476899,NULL,"shooter","goalie",NULL,8474053,8474027,8475820,8476881,8471709,NULL,8474889,8475208,8473548,8473933,8471215,8470543,NULL,8476899
20152016,20160531,30411,321,3,"regular",793,2,2,5,5,"o",79,-1,"Patric Hornqvist Tip-In saved by Martin Jones","shot","tip-in","pit","home",8471887,8474889,NULL,"shooter","goalie",NULL,8474053,8474027,8475820,8466139,8471709,NULL,8474889,8474602,8477839,8471887,8471675,8474013,NULL,8476899
20152016,20160531,30411,322,3,"regular",797,2,2,5,5,"o",73,31,"Sidney Crosby Wrist Shot saved by Martin Jones","shot","wrist shot","pit","home",8471675,8474889,NULL,"shooter","goalie",NULL,8474053,8474027,8475820,8466139,8471709,NULL,8474889,8474602,8477839,8471887,8471675,8474013,NULL,8476899
20152016,20160531,30411,323,3,"regular",805,2,2,5,5,"d",-74,-40,"Ian Cole hit Patrick Marleau","hit",NULL,"pit","home",8466139,8474013,NULL,"hittee","hitter",NULL,8468208,8470613,8476919,8466139,8468542,NULL,8474889,8474602,8477839,8471887,8471675,8474013,NULL,8476899
20152016,20160531,30411,324,3,"regular",811,2,2,5,5,"d",-61,36,"Brent Burns - Wide of Net","missed_shot",NULL,"sjs","away",8470613,NULL,NULL,"shooter",NULL,NULL,8468208,8470613,8476919,8466139,8468542,NULL,8474889,8474602,8477839,8471887,8471675,8474013,NULL,8476899
20152016,20160531,30411,325,3,"regular",823,2,2,5,5,NULL,NULL,NULL,"Goalie Stopped","stop",NULL,NULL,NULL,NULL,NULL,NULL,NULL,NULL,NULL,8477922,8468208,8470613,8476919,8468542,NULL,8474889,8475208,8471724,8471887,8474009,8477839,NULL,8476899
20152016,20160531,30411,326,3,"regular",823,2,2,5,5,"d",-69,-22,"Matt Cullen faceoff won against Nick Spaling","faceoff",NULL,"pit","home",8464989,8474096,NULL,"winner","loser",NULL,8474096,8464977,8474739,8470613,8468542,NULL,8474889,8476874,8473933,8470611,8475832,8464989,NULL,8476899
20152016,20160531,30411,327,3,"regular",839,2,2,5,5,"o",98,-5,"Tom Kuhnhackl hit Brent Burns","hit",NULL,"pit","home",8470613,8475832,NULL,"hittee","hitter",NULL,8474096,8464977,8474739,8470613,8468542,NULL,8474889,8476874,8473933,8470611,8475832,8464989,NULL,8476899
20152016,20160531,30411,328,3,"regular",851,2,2,5,5,"o",31,-33,"Paul Martin","takeaway",NULL,"sjs","away",8468542,NULL,NULL,"taker",NULL,NULL,8470794,8476881,8470613,8466138,8468542,NULL,8474889,8474176,8476874,8473933,8470611,8464989,NULL,8476899
20152016,20160531,30411,329,3,"regular",856,2,2,5,5,"d",-57,-15,"Joe Thornton Slap Shot saved by Matthew Murray","shot","slap shot","sjs","away",8466138,8476899,NULL,"shooter","goalie",NULL,8470794,8476881,8470613,8466138,8468542,NULL,8474889,8474176,8475208,8471724,8470611,8464989,NULL,8476899
20152016,20160531,30411,330,3,"regular",861,2,2,5,5,"o",53,18,"Eric Fehr Wrist Shot saved by Martin Jones","shot","wrist shot","pit","home",8470611,8474889,NULL,"shooter","goalie",NULL,8470794,8476881,8470613,8466138,8471709,NULL,8474889,8474176,8475208,8471724,8470611,8464989,NULL,8476899
20152016,20160531,30411,331,3,"regular",862,2,2,5,5,NULL,NULL,NULL,"Goalie Stopped","stop",NULL,NULL,NULL,NULL,NULL,NULL,NULL,NULL,NULL,8470794,8476881,8470613,8466138,8471709,NULL,8474889,8474176,8475208,8471724,8470611,8464989,NULL,8476899
20152016,20160531,30411,332,3,"regular",862,2,2,5,5,"o",69,22,"Joe Pavelski faceoff won against Nick Bonino","faceoff",NULL,"sjs","away",8470794,8474009,NULL,"winner","loser",NULL,8470794,8476881,8470613,8466138,8468542,NULL,8474889,8474176,8475208,8471724,8473548,8474009,NULL,8476899
20152016,20160531,30411,333,3,"regular",867,2,2,5,5,"o",90,40,"Carl Hagelin hit Brent Burns","hit",NULL,"pit","home",8470613,8474176,NULL,"hittee","hitter",NULL,8470794,8476881,8470613,8466138,8468542,NULL,8474889,8474176,8475208,8471724,8473548,8474009,NULL,8476899
20152016,20160531,30411,334,3,"regular",871,2,2,5,5,"d",-77,-39,"Brian Dumoulin hit Tomas Hertl","hit",NULL,"pit","home",8476881,8475208,NULL,"hittee","hitter",NULL,8470794,8476881,8470613,8466138,8468542,NULL,8474889,8474176,8475208,8471724,8473548,8474009,NULL,8476899
20152016,20160531,30411,335,3,"regular",900,2,2,5,5,"o",84,9,"Phil Kessel Wrist Shot saved by Martin Jones","shot","wrist shot","pit","home",8473548,8474889,NULL,"shooter","goalie",NULL,8470794,8476881,8470613,8466138,8468542,NULL,8474889,8474176,8473548,8471724,8473933,8474009,NULL,8476899
20152016,20160531,30411,336,3,"regular",910,2,2,5,5,"d",-62,-6,"Joe Thornton Wrist Shot saved by Matthew Murray","shot","wrist shot","sjs","away",8466138,8476899,NULL,"shooter","goalie",NULL,8470794,8476881,8470613,8466138,8468542,NULL,8474889,8474176,8473548,8471724,8473933,8474009,NULL,8476899
20152016,20160531,30411,337,3,"regular",929,2,2,5,5,"d",-62,10,"Logan Couture - Over Net","missed_shot",NULL,"sjs","away",8474053,NULL,NULL,"shooter",NULL,NULL,8474053,8474027,8475820,8466139,8471709,NULL,8474889,8476874,8477839,8471887,8471675,8474013,NULL,8476899
20152016,20160531,30411,338,3,"regular",944,2,2,5,5,"d",-49,23,"Conor Sheary blocked shot from Justin Braun","blocked_shot",NULL,"sjs","away",8477839,8474027,NULL,"blocker","shooter",NULL,8474053,8474027,8475820,8466139,8471709,NULL,8474889,8476874,8477839,8471887,8471675,8474013,NULL,8476899
20152016,20160531,30411,339,3,"regular",960,2,2,5,5,NULL,NULL,NULL,"Icing","stop",NULL,NULL,NULL,NULL,NULL,NULL,NULL,NULL,NULL,8471392,8477922,8468208,8476919,8475455,NULL,8474889,8475208,8474602,8470543,8471675,8464989,NULL,8476899
20152016,20160531,30411,340,3,"regular",960,2,2,5,5,"d",-69,-22,"Chris Tierney faceoff won against Sidney Crosby","faceoff",NULL,"sjs","away",8476919,8471675,NULL,"winner","loser",NULL,8471392,8477922,8468208,8476919,8475455,NULL,8474889,8475208,8474602,8470543,8471675,8464989,NULL,8476899
20152016,20160531,30411,341,3,"regular",983,2,2,5,5,"o",52,-14,"Chris Kunitz - Wide of Net","missed_shot",NULL,"pit","home",8470543,NULL,NULL,"shooter",NULL,NULL,8471392,8468208,8464977,8476919,8475455,NULL,8474889,8475208,8474602,8471215,8470543,8464989,NULL,8476899
20152016,20160531,30411,342,3,"regular",988,2,2,5,5,"o",87,40,"Dainius Zubrus hit Evgeni Malkin","hit",NULL,"sjs","away",8471215,8464977,NULL,"hittee","hitter",NULL,8471392,8464977,8474739,8476919,8475455,NULL,8474889,8474602,8471724,8471215,8470543,8464989,NULL,8476899
20152016,20160531,30411,343,3,"regular",997,2,2,5,5,"o",35,-30,"Kris Letang Wrist Shot saved by Martin Jones","shot","wrist shot","pit","home",8471724,8474889,NULL,"shooter","goalie",NULL,8471392,8474096,8464977,8474739,8475455,NULL,8474889,8471724,8471215,8470543,8474013,8464989,NULL,8476899
20152016,20160531,30411,344,3,"regular",1004,2,2,5,5,NULL,NULL,NULL,"Offside","stop",NULL,NULL,NULL,NULL,NULL,NULL,NULL,NULL,NULL,8471392,8474096,8464977,8474739,8475455,NULL,8474889,8473548,8471724,8471215,8470543,8474013,NULL,8476899
20152016,20160531,30411,345,3,"regular",1004,2,2,5,5,"n",0,0,"Nick Bonino faceoff won against Joe Pavelski","faceoff",NULL,"pit","home",8474009,8470794,NULL,"winner","loser",NULL,8470794,8476881,8470613,8466138,8468542,NULL,8474889,8474176,8475208,8471724,8473548,8474009,NULL,8476899
20152016,20160531,30411,346,3,"regular",1017,2,2,5,5,NULL,NULL,NULL,"Icing","stop",NULL,NULL,NULL,NULL,NULL,NULL,NULL,NULL,NULL,8470794,8476881,8470613,8466138,8468542,NULL,8474889,8474176,8475208,8471724,8473548,8474009,NULL,8476899
20152016,20160531,30411,347,3,"regular",1017,2,2,5,5,"o",69,22,"Joe Pavelski faceoff won against Nick Bonino","faceoff",NULL,"sjs","away",8470794,8474009,NULL,"winner","loser",NULL,8470794,8476881,8470613,8466138,8468542,NULL,8474889,8474176,8475208,8471724,8473548,8474009,NULL,8476899
20152016,20160531,30411,348,3,"regular",1023,2,2,5,5,"o",72,34,"Carl Hagelin Wrist Shot saved by Martin Jones","shot","wrist shot","pit","home",8474176,8474889,NULL,"shooter","goalie",NULL,8470794,8476881,8470613,8466138,8468542,NULL,8474889,8474176,8475208,8471724,8473548,8474009,NULL,8476899
20152016,20160531,30411,349,3,"regular",1040,2,2,5,5,"n",14,-40,"Tomas Hertl hit Carl Hagelin","hit",NULL,"sjs","away",8474176,8476881,NULL,"hittee","hitter",NULL,8470794,8476881,8470613,8466138,8468542,NULL,8474889,8474176,8475208,8471724,8473548,8474009,NULL,8476899
20152016,20160531,30411,350,3,"regular",1047,2,2,5,5,"o",78,5,"Nick Bonino (4) Wrist Shot; assists: Kris Letang (9); Carl Hagelin (8)","goal","wrist shot","pit","home",8471724,8474176,8474009,"assist1","assist2","scorer",8470794,8476881,8470613,8466138,8468542,NULL,8474889,8474176,8473548,8471724,8473933,8474009,NULL,8476899
20152016,20160531,30411,351,3,"regular",1047,2,3,5,5,"n",0,0,"Logan Couture faceoff won against Sidney Crosby","faceoff",NULL,"sjs","away",8474053,8471675,NULL,"winner","loser",NULL,8474053,8474027,8475820,8466139,8471709,NULL,8474889,8476874,8473933,8471887,8471675,8464989,NULL,8476899
20152016,20160531,30411,352,3,"regular",1071,2,3,5,5,"d",-80,-39,"Ben Lovejoy Hooking against Patrick Marleau -- minor -- 2","penalty","hooking","pit","home",8473933,8466139,NULL,"penaltyon","drewby",NULL,8474053,8474027,8475820,8466139,8471709,NULL,8474889,8476874,8473933,8471887,8471675,8464989,NULL,8476899
20152016,20160531,30411,353,3,"regular",1071,2,3,5,4,"d",-69,-22,"Nick Bonino faceoff won against Joe Thornton","faceoff",NULL,"pit","home",8474009,8466138,NULL,"winner","loser",NULL,8474053,8470794,8470613,8466138,8466139,NULL,8474889,8474176,8474009,8471724,8474013,NULL,NULL,8476899
20152016,20160531,30411,354,3,"regular",1093,2,3,5,4,"d",-79,8,"Logan Couture Wrist Shot saved by Matthew Murray","shot","wrist shot","sjs","away",8474053,8476899,NULL,"shooter","goalie",NULL,8474053,8470794,8470613,8466138,8466139,NULL,8474889,8474176,8474009,8471724,8474013,NULL,NULL,8476899
20152016,20160531,30411,355,3,"regular",1099,2,3,5,4,"d",-95,21,"Ian Cole","takeaway",NULL,"pit","home",8474013,NULL,NULL,"taker",NULL,NULL,8474053,8470794,8470613,8466138,8466139,NULL,8474889,8474176,8474009,8471724,8474013,NULL,NULL,8476899
20152016,20160531,30411,356,3,"regular",1147,2,3,6,4,"d",-40,36,"Brent Burns - Wide of Net","missed_shot",NULL,"sjs","away",8470613,NULL,NULL,"shooter",NULL,NULL,8474053,8470794,8468208,8476881,8470613,8466138,NULL,8474176,8474009,8476874,8471724,NULL,NULL,8476899
20152016,20160531,30411,357,3,"regular",1157,2,3,6,4,"d",-45,23,"Nick Bonino blocked shot from Brent Burns","blocked_shot",NULL,"sjs","away",8474009,8470613,NULL,"blocker","shooter",NULL,8474053,8470794,8468208,8476881,8470613,8466138,NULL,8474176,8474009,8476874,8471724,NULL,NULL,8476899
20152016,20160531,30411,358,3,"regular",1189,2,3,6,4,"d",-97,-3,"Patrick Marleau hit Ian Cole","hit",NULL,"sjs","away",8474013,8466139,NULL,"hittee","hitter",NULL,8470794,8475820,8476881,8466138,8466139,8471709,NULL,8470611,8471724,8474013,8464989,NULL,NULL,8476899
20152016,20160531,30411,359,3,"regular",1200,2,3,NULL,NULL,NULL,NULL,NULL,"period end","period_end",NULL,NULL,NULL,NULL,NULL,NULL,NULL,NULL,NULL,NULL,NULL,NULL,NULL,NULL,NULL,NULL,NULL,NULL,NULL,NULL,NULL,NULL,NULL
20152016,20160531,30411,360,3,"regular",1200,2,3,NULL,NULL,NULL,NULL,NULL,"Period Official","period_official",NULL,NULL,NULL,NULL,NULL,NULL,NULL,NULL,NULL,NULL,NULL,NULL,NULL,NULL,NULL,NULL,NULL,NULL,NULL,NULL,NULL,NULL,NULL
20152016,20160531,30411,361,3,"regular",1200,2,3,NULL,NULL,NULL,NULL,NULL,"Game End","game_end",NULL,NULL,NULL,NULL,NULL,NULL,NULL,NULL,NULL,NULL,NULL,NULL,NULL,NULL,NULL,NULL,NULL,NULL,NULL,NULL,NULL,NULL,NULL
