"season","date","gameId","team","iceSit","playerId","position","period","periodType","start","end"
20152016,20160531,30411,"pit","home",8473933,"d",3,"regular",80,81
20152016,20160531,30411,"pit","home",8476874,"d",3,"regular",80,81
20152016,20160531,30411,"pit","home",8474176,"lw",2,"regular",45,47
20152016,20160531,30411,"pit","home",8476874,"d",3,"regular",285,287
20152016,20160531,30411,"sjs","away",8474027,"d",3,"regular",608,611
20152016,20160531,30411,"sjs","away",8471709,"d",3,"regular",608,611
20152016,20160531,30411,"pit","home",8475810,"rw",2,"regular",220,224
20152016,20160531,30411,"pit","home",8475208,"d",3,"regular",819,823
20152016,20160531,30411,"pit","home",8471724,"d",3,"regular",819,823
20152016,20160531,30411,"pit","home",8474009,"c",3,"regular",819,823
20152016,20160531,30411,"pit","home",8464989,"c",1,"regular",1147,1151
20152016,20160531,30411,"sjs","away",8477922,"c",3,"regular",817,823
20152016,20160531,30411,"sjs","away",8471709,"d",3,"regular",856,862
20152016,20160531,30411,"pit","home",8474009,"c",2,"regular",40,47
20152016,20160531,30411,"pit","home",8473548,"rw",2,"regular",40,47
20152016,20160531,30411,"sjs","away",8466139,"lw",3,"regular",280,287
20152016,20160531,30411,"pit","home",8476874,"d",1,"regular",992,999
20152016,20160531,30411,"sjs","away",8475455,"d",3,"regular",600,608
20152016,20160531,30411,"sjs","away",8474096,"c",3,"regular",600,608
20152016,20160531,30411,"sjs","away",8474739,"c",3,"regular",600,608
20152016,20160531,30411,"sjs","away",8464977,"c",2,"regular",1192,1200
20152016,20160531,30411,"sjs","away",8468208,"rw",2,"regular",1192,1200
20152016,20160531,30411,"sjs","away",8470613,"d",1,"regular",0,9
20152016,20160531,30411,"sjs","away",8470794,"c",1,"regular",0,9
20152016,20160531,30411,"sjs","away",8466138,"c",1,"regular",0,9
20152016,20160531,30411,"sjs","away",8468542,"d",1,"regular",0,9
20152016,20160531,30411,"sjs","away",8476881,"c",1,"regular",0,9
20152016,20160531,30411,"pit","home",8464989,"c",2,"regular",224,233
20152016,20160531,30411,"sjs","away",8474027,"d",2,"regular",782,791
20152016,20160531,30411,"sjs","away",8471709,"d",2,"regular",782,791
20152016,20160531,30411,"pit","home",8473933,"d",3,"regular",1191,1200
20152016,20160531,30411,"sjs","away",8466139,"lw",3,"regular",407,417
20152016,20160531,30411,"sjs","away",8474027,"d",2,"regular",1092,1102
20152016,20160531,30411,"pit","home",8474176,"lw",3,"regular",70,81
20152016,20160531,30411,"pit","home",8477839,"lw",3,"regular",70,81
20152016,20160531,30411,"pit","home",8474009,"c",3,"regular",70,81
20152016,20160531,30411,"sjs","away",8474027,"d",1,"regular",93,104
20152016,20160531,30411,"sjs","away",8471709,"d",1,"regular",93,104
20152016,20160531,30411,"pit","home",8476874,"d",2,"regular",397,408
20152016,20160531,30411,"pit","home",8477839,"lw",1,"regular",697,708
20152016,20160531,30411,"pit","home",8471887,"rw",1,"regular",697,708
20152016,20160531,30411,"pit","home",8471675,"c",1,"regular",697,708
20152016,20160531,30411,"pit","home",8475208,"d",2,"regular",47,59
20152016,20160531,30411,"pit","home",8470611,"c",2,"regular",47,59
20152016,20160531,30411,"pit","home",8471724,"d",2,"regular",47,59
20152016,20160531,30411,"pit","home",8464989,"c",2,"regular",47,59
20152016,20160531,30411,"pit","home",8475832,"rw",2,"regular",47,59
20152016,20160531,30411,"pit","home",8475810,"rw",2,"regular",233,245
20152016,20160531,30411,"pit","home",8474013,"d",2,"regular",333,345
20152016,20160531,30411,"pit","home",8474602,"d",2,"regular",333,345
20152016,20160531,30411,"sjs","away",8468208,"rw",2,"regular",333,345
20152016,20160531,30411,"sjs","away",8474096,"c",3,"regular",992,1004
20152016,20160531,30411,"pit","home",8474013,"d",3,"regular",992,1004
20152016,20160531,30411,"sjs","away",8475455,"d",3,"regular",68,81
20152016,20160531,30411,"sjs","away",8464977,"c",3,"regular",68,81
20152016,20160531,30411,"sjs","away",8471392,"d",3,"regular",68,81
20152016,20160531,30411,"sjs","away",8476881,"c",3,"regular",68,81
20152016,20160531,30411,"sjs","away",8476919,"c",3,"regular",287,300
20152016,20160531,30411,"sjs","away",8477922,"c",3,"regular",287,300
20152016,20160531,30411,"sjs","away",8475455,"d",2,"regular",637,650
20152016,20160531,30411,"sjs","away",8466139,"lw",1,"regular",684,697
20152016,20160531,30411,"sjs","away",8468542,"d",2,"regular",45,59
20152016,20160531,30411,"sjs","away",8476919,"c",2,"regular",331,345
20152016,20160531,30411,"pit","home",8475810,"rw",2,"regular",59,74
20152016,20160531,30411,"pit","home",8470543,"lw",2,"regular",59,74
20152016,20160531,30411,"pit","home",8471215,"c",2,"regular",59,74
20152016,20160531,30411,"pit","home",8474013,"d",2,"regular",59,74
20152016,20160531,30411,"pit","home",8474602,"d",2,"regular",59,74
20152016,20160531,30411,"sjs","away",8475455,"d",2,"regular",59,74
20152016,20160531,30411,"sjs","away",8476919,"c",2,"regular",59,74
20152016,20160531,30411,"sjs","away",8468208,"rw",2,"regular",59,74
20152016,20160531,30411,"sjs","away",8477922,"c",2,"regular",59,74
20152016,20160531,30411,"sjs","away",8471392,"d",2,"regular",59,74
20152016,20160531,30411,"sjs","away",8474053,"c",3,"regular",300,315
20152016,20160531,30411,"sjs","away",8474027,"d",2,"regular",408,423
20152016,20160531,30411,"sjs","away",8471709,"d",2,"regular",408,423
20152016,20160531,30411,"sjs","away",8475820,"rw",3,"regular",1185,1200
20152016,20160531,30411,"sjs","away",8466139,"lw",3,"regular",1185,1200
20152016,20160531,30411,"sjs","away",8471392,"d",2,"regular",634,650
20152016,20160531,30411,"sjs","away",8468208,"rw",2,"regular",775,791
20152016,20160531,30411,"sjs","away",8475820,"rw",1,"regular",812,828
20152016,20160531,30411,"sjs","away",8474053,"c",1,"regular",812,828
20152016,20160531,30411,"pit","home",8473933,"d",2,"regular",460,477
20152016,20160531,30411,"pit","home",8474176,"lw",2,"regular",460,477
20152016,20160531,30411,"pit","home",8476874,"d",2,"regular",460,477
20152016,20160531,30411,"pit","home",8476874,"d",3,"regular",608,625
20152016,20160531,30411,"sjs","away",8475820,"rw",3,"regular",608,625
20152016,20160531,30411,"sjs","away",8474053,"c",3,"regular",608,625
20152016,20160531,30411,"sjs","away",8466139,"lw",3,"regular",608,625
20152016,20160531,30411,"sjs","away",8476919,"c",2,"regular",1132,1149
20152016,20160531,30411,"sjs","away",8477922,"c",2,"regular",1132,1149
20152016,20160531,30411,"sjs","away",8477922,"c",3,"regular",0,18
20152016,20160531,30411,"sjs","away",8474053,"c",2,"regular",1149,1167
20152016,20160531,30411,"sjs","away",8474096,"c",2,"regular",1149,1167
20152016,20160531,30411,"sjs","away",8476881,"c",2,"regular",40,59
20152016,20160531,30411,"sjs","away",8464977,"c",3,"regular",589,608
20152016,20160531,30411,"pit","home",8474009,"c",1,"regular",49,69
20152016,20160531,30411,"sjs","away",8476919,"c",1,"regular",534,554
20152016,20160531,30411,"sjs","away",8477922,"c",1,"regular",534,554
20152016,20160531,30411,"pit","home",8470611,"c",1,"regular",677,697
20152016,20160531,30411,"pit","home",8464989,"c",1,"regular",677,697
20152016,20160531,30411,"pit","home",8475832,"rw",1,"regular",677,697
20152016,20160531,30411,"sjs","away",8474739,"c",3,"regular",984,1004
20152016,20160531,30411,"sjs","away",8471709,"d",3,"regular",1180,1200
20152016,20160531,30411,"sjs","away",8470794,"c",2,"regular",38,59
20152016,20160531,30411,"sjs","away",8466138,"c",2,"regular",38,59
20152016,20160531,30411,"pit","home",8473933,"d",2,"regular",224,245
20152016,20160531,30411,"pit","home",8470543,"lw",2,"regular",224,245
20152016,20160531,30411,"pit","home",8471215,"c",2,"regular",224,245
20152016,20160531,30411,"pit","home",8476874,"d",2,"regular",224,245
20152016,20160531,30411,"sjs","away",8475455,"d",2,"regular",387,408
20152016,20160531,30411,"sjs","away",8471392,"d",2,"regular",387,408
20152016,20160531,30411,"sjs","away",8464977,"c",1,"regular",513,534
20152016,20160531,30411,"sjs","away",8474096,"c",1,"regular",513,534
20152016,20160531,30411,"pit","home",8475810,"rw",1,"regular",513,534
20152016,20160531,30411,"pit","home",8470543,"lw",1,"regular",513,534
20152016,20160531,30411,"sjs","away",8476919,"c",2,"regular",770,791
20152016,20160531,30411,"sjs","away",8477922,"c",2,"regular",770,791
20152016,20160531,30411,"sjs","away",8476919,"c",3,"regular",802,823
20152016,20160531,30411,"sjs","away",8468208,"rw",3,"regular",802,823
20152016,20160531,30411,"pit","home",8473933,"d",1,"regular",978,999
20152016,20160531,30411,"pit","home",8471724,"d",2,"regular",998,1019
20152016,20160531,30411,"pit","home",8470611,"c",3,"regular",1179,1200
20152016,20160531,30411,"pit","home",8464989,"c",3,"regular",1179,1200
20152016,20160531,30411,"sjs","away",8470613,"d",1,"regular",177,199
20152016,20160531,30411,"sjs","away",8474096,"c",3,"regular",198,220
20152016,20160531,30411,"sjs","away",8474053,"c",1,"regular",554,576
20152016,20160531,30411,"sjs","away",8474096,"c",1,"regular",554,576
20152016,20160531,30411,"pit","home",8475208,"d",3,"regular",586,608
20152016,20160531,30411,"sjs","away",8468208,"rw",3,"regular",371,394
20152016,20160531,30411,"sjs","away",8474053,"c",3,"regular",371,394
20152016,20160531,30411,"sjs","away",8475820,"rw",2,"regular",385,408
20152016,20160531,30411,"pit","home",8475832,"rw",1,"regular",448,471
20152016,20160531,30411,"pit","home",8473548,"rw",2,"regular",454,477
20152016,20160531,30411,"pit","home",8474009,"c",3,"regular",602,625
20152016,20160531,30411,"sjs","away",8475455,"d",1,"regular",674,697
20152016,20160531,30411,"sjs","away",8475820,"rw",1,"regular",674,697
20152016,20160531,30411,"sjs","away",8474053,"c",1,"regular",674,697
20152016,20160531,30411,"sjs","away",8471392,"d",1,"regular",674,697
20152016,20160531,30411,"pit","home",8473933,"d",2,"regular",838,861
20152016,20160531,30411,"pit","home",8475208,"d",1,"regular",69,93
20152016,20160531,30411,"pit","home",8470611,"c",1,"regular",69,93
20152016,20160531,30411,"pit","home",8471724,"d",1,"regular",69,93
20152016,20160531,30411,"pit","home",8464989,"c",1,"regular",69,93
20152016,20160531,30411,"pit","home",8475832,"rw",1,"regular",69,93
20152016,20160531,30411,"sjs","away",8477922,"c",2,"regular",321,345
20152016,20160531,30411,"pit","home",8473933,"d",1,"regular",439,463
20152016,20160531,30411,"pit","home",8476874,"d",1,"regular",439,463
20152016,20160531,30411,"sjs","away",8464977,"c",3,"regular",823,847
20152016,20160531,30411,"sjs","away",8474096,"c",3,"regular",823,847
20152016,20160531,30411,"sjs","away",8474739,"c",3,"regular",823,847
20152016,20160531,30411,"pit","home",8475832,"rw",3,"regular",823,847
20152016,20160531,30411,"sjs","away",8464977,"c",1,"regular",975,999
20152016,20160531,30411,"sjs","away",8474096,"c",1,"regular",975,999
20152016,20160531,30411,"sjs","away",8474739,"c",1,"regular",975,999
20152016,20160531,30411,"sjs","away",8464977,"c",3,"regular",980,1004
20152016,20160531,30411,"sjs","away",8475820,"rw",3,"regular",1047,1071
20152016,20160531,30411,"sjs","away",8474027,"d",3,"regular",1047,1071
20152016,20160531,30411,"sjs","away",8471709,"d",3,"regular",1047,1071
20152016,20160531,30411,"pit","home",8464989,"c",3,"regular",1047,1071
20152016,20160531,30411,"pit","home",8476874,"d",3,"regular",1047,1071
20152016,20160531,30411,"pit","home",8471887,"rw",3,"regular",1047,1071
20152016,20160531,30411,"pit","home",8471675,"c",3,"regular",1047,1071
20152016,20160531,30411,"sjs","away",8470613,"d",3,"regular",0,25
20152016,20160531,30411,"sjs","away",8476919,"c",3,"regular",0,25
20152016,20160531,30411,"sjs","away",8468542,"d",3,"regular",0,25
20152016,20160531,30411,"sjs","away",8475455,"d",2,"regular",220,245
20152016,20160531,30411,"sjs","away",8464977,"c",2,"regular",220,245
20152016,20160531,30411,"sjs","away",8471392,"d",2,"regular",220,245
20152016,20160531,30411,"pit","home",8470611,"c",2,"regular",245,270
20152016,20160531,30411,"sjs","away",8475455,"d",2,"regular",423,448
20152016,20160531,30411,"sjs","away",8474027,"d",1,"regular",803,828
20152016,20160531,30411,"sjs","away",8471709,"d",1,"regular",803,828
20152016,20160531,30411,"sjs","away",8466139,"lw",1,"regular",803,828
20152016,20160531,30411,"pit","home",8473933,"d",2,"regular",1067,1092
20152016,20160531,30411,"pit","home",8477839,"lw",2,"regular",1067,1092
20152016,20160531,30411,"pit","home",8476874,"d",2,"regular",1067,1092
20152016,20160531,30411,"pit","home",8471887,"rw",2,"regular",1067,1092
20152016,20160531,30411,"sjs","away",8476919,"c",1,"regular",1094,1119
20152016,20160531,30411,"sjs","away",8476919,"c",2,"regular",1167,1192
20152016,20160531,30411,"sjs","away",8477922,"c",2,"regular",1167,1192
20152016,20160531,30411,"sjs","away",8474027,"d",2,"regular",0,26
20152016,20160531,30411,"pit","home",8475208,"d",2,"regular",74,100
20152016,20160531,30411,"pit","home",8474176,"lw",2,"regular",74,100
20152016,20160531,30411,"pit","home",8471724,"d",2,"regular",74,100
20152016,20160531,30411,"pit","home",8474009,"c",2,"regular",74,100
20152016,20160531,30411,"pit","home",8473933,"d",2,"regular",156,182
20152016,20160531,30411,"pit","home",8470611,"c",2,"regular",156,182
20152016,20160531,30411,"pit","home",8464989,"c",2,"regular",156,182
20152016,20160531,30411,"pit","home",8476874,"d",2,"regular",156,182
20152016,20160531,30411,"sjs","away",8475820,"rw",3,"regular",261,287
20152016,20160531,30411,"sjs","away",8474053,"c",2,"regular",382,408
20152016,20160531,30411,"sjs","away",8466139,"lw",2,"regular",382,408
20152016,20160531,30411,"sjs","away",8476919,"c",2,"regular",451,477
20152016,20160531,30411,"sjs","away",8468208,"rw",2,"regular",451,477
20152016,20160531,30411,"sjs","away",8468542,"d",2,"regular",451,477
20152016,20160531,30411,"sjs","away",8474027,"d",3,"regular",664,690
20152016,20160531,30411,"sjs","away",8477922,"c",3,"regular",954,980
20152016,20160531,30411,"pit","home",8471215,"c",3,"regular",978,1004
20152016,20160531,30411,"pit","home",8474176,"lw",1,"regular",42,69
20152016,20160531,30411,"pit","home",8473933,"d",2,"regular",100,127
20152016,20160531,30411,"pit","home",8470611,"c",2,"regular",100,127
20152016,20160531,30411,"pit","home",8464989,"c",2,"regular",100,127
20152016,20160531,30411,"pit","home",8476874,"d",2,"regular",100,127
20152016,20160531,30411,"sjs","away",8470794,"c",1,"regular",439,466
20152016,20160531,30411,"pit","home",8470611,"c",2,"regular",477,504
20152016,20160531,30411,"pit","home",8477839,"lw",2,"regular",650,677
20152016,20160531,30411,"pit","home",8471887,"rw",2,"regular",650,677
20152016,20160531,30411,"pit","home",8471675,"c",2,"regular",650,677
20152016,20160531,30411,"sjs","away",8470613,"d",2,"regular",650,677
20152016,20160531,30411,"sjs","away",8470794,"c",2,"regular",650,677
20152016,20160531,30411,"sjs","away",8466138,"c",2,"regular",650,677
20152016,20160531,30411,"sjs","away",8468542,"d",2,"regular",650,677
20152016,20160531,30411,"sjs","away",8476881,"c",2,"regular",650,677
20152016,20160531,30411,"pit","home",8474176,"lw",1,"regular",708,735
20152016,20160531,30411,"pit","home",8474009,"c",1,"regular",708,735
20152016,20160531,30411,"pit","home",8473548,"rw",1,"regular",708,735
20152016,20160531,30411,"pit","home",8477839,"lw",1,"regular",801,828
20152016,20160531,30411,"sjs","away",8471392,"d",2,"regular",423,451
20152016,20160531,30411,"pit","home",8471724,"d",3,"regular",558,586
20152016,20160531,30411,"pit","home",8475810,"rw",2,"regular",565,593
20152016,20160531,30411,"pit","home",8473933,"d",1,"regular",796,824
20152016,20160531,30411,"pit","home",8476874,"d",1,"regular",796,824
20152016,20160531,30411,"pit","home",8473933,"d",3,"regular",823,851
20152016,20160531,30411,"pit","home",8476874,"d",3,"regular",823,851
20152016,20160531,30411,"pit","home",8475208,"d",1,"regular",0,29
20152016,20160531,30411,"pit","home",8471887,"rw",1,"regular",0,29
20152016,20160531,30411,"sjs","away",8470794,"c",3,"regular",52,81
20152016,20160531,30411,"pit","home",8475208,"d",2,"regular",127,156
20152016,20160531,30411,"pit","home",8474176,"lw",2,"regular",127,156
20152016,20160531,30411,"pit","home",8471724,"d",2,"regular",127,156
20152016,20160531,30411,"pit","home",8474009,"c",2,"regular",127,156
20152016,20160531,30411,"pit","home",8474176,"lw",1,"regular",149,178
20152016,20160531,30411,"sjs","away",8475455,"d",1,"regular",199,228
20152016,20160531,30411,"sjs","away",8474053,"c",3,"regular",258,287
20152016,20160531,30411,"sjs","away",8470613,"d",2,"regular",448,477
20152016,20160531,30411,"pit","home",8471675,"c",2,"regular",1063,1092
20152016,20160531,30411,"sjs","away",8470613,"d",3,"regular",119,149
20152016,20160531,30411,"pit","home",8474013,"d",3,"regular",178,208
20152016,20160531,30411,"pit","home",8474602,"d",3,"regular",178,208
20152016,20160531,30411,"pit","home",8473933,"d",1,"regular",209,239
20152016,20160531,30411,"sjs","away",8474027,"d",1,"regular",228,258
20152016,20160531,30411,"sjs","away",8471392,"d",1,"regular",228,258
20152016,20160531,30411,"pit","home",8473933,"d",3,"regular",257,287
20152016,20160531,30411,"sjs","away",8466139,"lw",2,"regular",291,321
20152016,20160531,30411,"sjs","away",8470613,"d",3,"regular",419,449
20152016,20160531,30411,"sjs","away",8468542,"d",3,"regular",419,449
20152016,20160531,30411,"sjs","away",8474739,"c",1,"regular",504,534
20152016,20160531,30411,"sjs","away",8468208,"rw",1,"regular",576,606
20152016,20160531,30411,"sjs","away",8474027,"d",1,"regular",576,606
20152016,20160531,30411,"sjs","away",8471709,"d",1,"regular",576,606
20152016,20160531,30411,"sjs","away",8466139,"lw",1,"regular",576,606
20152016,20160531,30411,"sjs","away",8464977,"c",1,"regular",654,684
20152016,20160531,30411,"pit","home",8470611,"c",1,"regular",766,796
20152016,20160531,30411,"pit","home",8464989,"c",1,"regular",766,796
20152016,20160531,30411,"sjs","away",8468208,"rw",3,"regular",954,984
20152016,20160531,30411,"pit","home",8473933,"d",3,"regular",1041,1071
20152016,20160531,30411,"sjs","away",8470613,"d",2,"regular",1102,1132
20152016,20160531,30411,"sjs","away",8470794,"c",1,"regular",1170,1200
20152016,20160531,30411,"sjs","away",8466138,"c",1,"regular",1170,1200
20152016,20160531,30411,"sjs","away",8468542,"d",1,"regular",1170,1200
20152016,20160531,30411,"sjs","away",8476881,"c",1,"regular",1170,1200
20152016,20160531,30411,"sjs","away",8476919,"c",1,"regular",93,124
20152016,20160531,30411,"sjs","away",8468208,"rw",1,"regular",93,124
20152016,20160531,30411,"sjs","away",8477922,"c",1,"regular",93,124
20152016,20160531,30411,"pit","home",8470543,"lw",1,"regular",178,209
20152016,20160531,30411,"sjs","away",8476919,"c",2,"regular",182,213
20152016,20160531,30411,"pit","home",8474009,"c",1,"regular",227,258
20152016,20160531,30411,"sjs","away",8470794,"c",3,"regular",230,261
20152016,20160531,30411,"pit","home",8471724,"d",1,"regular",258,289
20152016,20160531,30411,"pit","home",8476874,"d",1,"regular",372,403
20152016,20160531,30411,"sjs","away",8466138,"c",1,"regular",439,470
20152016,20160531,30411,"sjs","away",8464977,"c",2,"regular",563,594
20152016,20160531,30411,"sjs","away",8474096,"c",2,"regular",563,594
20152016,20160531,30411,"sjs","away",8474739,"c",2,"regular",563,594
20152016,20160531,30411,"pit","home",8474176,"lw",3,"regular",594,625
20152016,20160531,30411,"sjs","away",8471709,"d",3,"regular",664,695
20152016,20160531,30411,"pit","home",8473933,"d",1,"regular",666,697
20152016,20160531,30411,"pit","home",8476874,"d",1,"regular",666,697
20152016,20160531,30411,"sjs","away",8476919,"c",1,"regular",735,766
20152016,20160531,30411,"sjs","away",8468208,"rw",1,"regular",735,766
20152016,20160531,30411,"sjs","away",8474027,"d",1,"regular",735,766
20152016,20160531,30411,"sjs","away",8471709,"d",1,"regular",735,766
20152016,20160531,30411,"sjs","away",8477922,"c",1,"regular",735,766
20152016,20160531,30411,"pit","home",8475810,"rw",1,"regular",735,766
20152016,20160531,30411,"pit","home",8470543,"lw",1,"regular",735,766
20152016,20160531,30411,"pit","home",8471215,"c",1,"regular",735,766
20152016,20160531,30411,"pit","home",8474176,"lw",1,"regular",828,859
20152016,20160531,30411,"pit","home",8474009,"c",1,"regular",828,859
20152016,20160531,30411,"pit","home",8473548,"rw",1,"regular",828,859
20152016,20160531,30411,"sjs","away",8474739,"c",2,"regular",886,917
20152016,20160531,30411,"sjs","away",8474053,"c",2,"regular",943,974
20152016,20160531,30411,"sjs","away",8466139,"lw",2,"regular",943,974
20152016,20160531,30411,"sjs","away",8475455,"d",2,"regular",984,1015
20152016,20160531,30411,"pit","home",8476874,"d",1,"regular",37,69
20152016,20160531,30411,"pit","home",8476874,"d",1,"regular",140,172
20152016,20160531,30411,"sjs","away",8476919,"c",3,"regular",166,198
20152016,20160531,30411,"sjs","away",8477922,"c",3,"regular",166,198
20152016,20160531,30411,"sjs","away",8474739,"c",3,"regular",198,230
20152016,20160531,30411,"sjs","away",8474096,"c",2,"regular",213,245
20152016,20160531,30411,"sjs","away",8474739,"c",2,"regular",213,245
20152016,20160531,30411,"sjs","away",8468542,"d",2,"regular",245,277
20152016,20160531,30411,"sjs","away",8466138,"c",3,"regular",417,449
20152016,20160531,30411,"pit","home",8464989,"c",1,"regular",439,471
20152016,20160531,30411,"pit","home",8474602,"d",2,"regular",565,597
20152016,20160531,30411,"pit","home",8471887,"rw",1,"regular",796,828
20152016,20160531,30411,"pit","home",8471675,"c",1,"regular",796,828
20152016,20160531,30411,"pit","home",8474013,"d",3,"regular",918,950
20152016,20160531,30411,"pit","home",8476874,"d",3,"regular",918,950
20152016,20160531,30411,"pit","home",8470611,"c",2,"regular",970,1002
20152016,20160531,30411,"pit","home",8475208,"d",3,"regular",1104,1136
20152016,20160531,30411,"pit","home",8470611,"c",3,"regular",1104,1136
20152016,20160531,30411,"pit","home",8464989,"c",3,"regular",1104,1136
20152016,20160531,30411,"sjs","away",8470613,"d",2,"regular",26,59
20152016,20160531,30411,"sjs","away",8470794,"c",3,"regular",81,114
20152016,20160531,30411,"sjs","away",8466138,"c",3,"regular",81,114
20152016,20160531,30411,"sjs","away",8476881,"c",3,"regular",247,280
20152016,20160531,30411,"pit","home",8470543,"lw",3,"regular",254,287
20152016,20160531,30411,"sjs","away",8474027,"d",1,"regular",412,445
20152016,20160531,30411,"sjs","away",8476881,"c",1,"regular",439,472
20152016,20160531,30411,"sjs","away",8477922,"c",2,"regular",444,477
20152016,20160531,30411,"pit","home",8474013,"d",1,"regular",501,534
20152016,20160531,30411,"pit","home",8474602,"d",1,"regular",501,534
20152016,20160531,30411,"pit","home",8473933,"d",3,"regular",885,918
20152016,20160531,30411,"sjs","away",8464977,"c",2,"regular",910,943
20152016,20160531,30411,"pit","home",8475208,"d",3,"regular",950,983
20152016,20160531,30411,"sjs","away",8470613,"d",2,"regular",1059,1092
20152016,20160531,30411,"sjs","away",8475820,"rw",2,"regular",1059,1092
20152016,20160531,30411,"sjs","away",8474053,"c",2,"regular",1059,1092
20152016,20160531,30411,"sjs","away",8466139,"lw",2,"regular",1059,1092
20152016,20160531,30411,"sjs","away",8468542,"d",2,"regular",1059,1092
20152016,20160531,30411,"pit","home",8474176,"lw",3,"regular",1071,1104
20152016,20160531,30411,"pit","home",8474013,"d",3,"regular",1071,1104
20152016,20160531,30411,"pit","home",8471724,"d",3,"regular",1071,1104
20152016,20160531,30411,"pit","home",8474009,"c",3,"regular",1071,1104
20152016,20160531,30411,"pit","home",8475208,"d",3,"regular",81,115
20152016,20160531,30411,"pit","home",8470611,"c",3,"regular",81,115
20152016,20160531,30411,"pit","home",8464989,"c",3,"regular",81,115
20152016,20160531,30411,"pit","home",8475832,"rw",3,"regular",81,115
20152016,20160531,30411,"sjs","away",8474027,"d",1,"regular",143,177
20152016,20160531,30411,"sjs","away",8471709,"d",1,"regular",143,177
20152016,20160531,30411,"sjs","away",8468208,"rw",3,"regular",164,198
20152016,20160531,30411,"pit","home",8474176,"lw",3,"regular",168,202
20152016,20160531,30411,"pit","home",8474009,"c",3,"regular",168,202
20152016,20160531,30411,"pit","home",8474176,"lw",2,"regular",286,320
20152016,20160531,30411,"pit","home",8474009,"c",2,"regular",443,477
20152016,20160531,30411,"sjs","away",8475820,"rw",2,"regular",529,563
20152016,20160531,30411,"sjs","away",8474053,"c",2,"regular",529,563
20152016,20160531,30411,"sjs","away",8466139,"lw",2,"regular",529,563
20152016,20160531,30411,"pit","home",8475208,"d",3,"regular",851,885
20152016,20160531,30411,"pit","home",8473933,"d",1,"regular",859,893
20152016,20160531,30411,"pit","home",8475810,"rw",1,"regular",859,893
20152016,20160531,30411,"pit","home",8470543,"lw",1,"regular",859,893
20152016,20160531,30411,"pit","home",8471215,"c",1,"regular",859,893
20152016,20160531,30411,"pit","home",8476874,"d",1,"regular",859,893
20152016,20160531,30411,"sjs","away",8468208,"rw",1,"regular",941,975
20152016,20160531,30411,"pit","home",8474013,"d",1,"regular",1095,1129
20152016,20160531,30411,"sjs","away",8470613,"d",1,"regular",58,93
20152016,20160531,30411,"pit","home",8475810,"rw",1,"regular",93,128
20152016,20160531,30411,"pit","home",8473933,"d",1,"regular",368,403
20152016,20160531,30411,"pit","home",8475810,"rw",1,"regular",368,403
20152016,20160531,30411,"pit","home",8471215,"c",1,"regular",368,403
20152016,20160531,30411,"sjs","away",8475820,"rw",1,"regular",404,439
20152016,20160531,30411,"sjs","away",8474053,"c",1,"regular",404,439
20152016,20160531,30411,"sjs","away",8466139,"lw",1,"regular",404,439
20152016,20160531,30411,"pit","home",8475810,"rw",3,"regular",516,551
20152016,20160531,30411,"pit","home",8470543,"lw",2,"regular",565,600
20152016,20160531,30411,"pit","home",8471215,"c",2,"regular",565,600
20152016,20160531,30411,"pit","home",8474013,"d",2,"regular",565,600
20152016,20160531,30411,"pit","home",8473933,"d",2,"regular",677,712
20152016,20160531,30411,"pit","home",8470611,"c",2,"regular",677,712
20152016,20160531,30411,"pit","home",8476874,"d",2,"regular",677,712
20152016,20160531,30411,"sjs","away",8475820,"rw",2,"regular",677,712
20152016,20160531,30411,"sjs","away",8474053,"c",2,"regular",677,712
20152016,20160531,30411,"pit","home",8475832,"rw",1,"regular",766,801
20152016,20160531,30411,"pit","home",8475208,"d",1,"regular",824,859
20152016,20160531,30411,"pit","home",8471724,"d",1,"regular",824,859
20152016,20160531,30411,"sjs","away",8475820,"rw",3,"regular",919,954
20152016,20160531,30411,"sjs","away",8474053,"c",3,"regular",919,954
20152016,20160531,30411,"sjs","away",8471392,"d",2,"regular",984,1019
20152016,20160531,30411,"sjs","away",8476881,"c",3,"regular",81,117
20152016,20160531,30411,"sjs","away",8464977,"c",1,"regular",368,404
20152016,20160531,30411,"sjs","away",8474096,"c",1,"regular",368,404
20152016,20160531,30411,"sjs","away",8471392,"d",1,"regular",368,404
20152016,20160531,30411,"sjs","away",8474739,"c",1,"regular",368,404
20152016,20160531,30411,"pit","home",8475208,"d",1,"regular",403,439
20152016,20160531,30411,"pit","home",8471724,"d",1,"regular",403,439
20152016,20160531,30411,"pit","home",8474009,"c",1,"regular",403,439
20152016,20160531,30411,"sjs","away",8464977,"c",2,"regular",408,444
20152016,20160531,30411,"pit","home",8473933,"d",2,"regular",529,565
20152016,20160531,30411,"pit","home",8476874,"d",2,"regular",529,565
20152016,20160531,30411,"pit","home",8471887,"rw",3,"regular",787,823
20152016,20160531,30411,"sjs","away",8468208,"rw",2,"regular",850,886
20152016,20160531,30411,"sjs","away",8474096,"c",2,"regular",907,943
20152016,20160531,30411,"sjs","away",8476881,"c",2,"regular",974,1010
20152016,20160531,30411,"sjs","away",8468208,"rw",1,"regular",1094,1130
20152016,20160531,30411,"pit","home",8471724,"d",1,"regular",0,37
20152016,20160531,30411,"pit","home",8475208,"d",1,"regular",172,209
20152016,20160531,30411,"pit","home",8464989,"c",2,"regular",245,282
20152016,20160531,30411,"pit","home",8470611,"c",1,"regular",258,295
20152016,20160531,30411,"pit","home",8464989,"c",1,"regular",258,295
20152016,20160531,30411,"pit","home",8475832,"rw",1,"regular",258,295
20152016,20160531,30411,"sjs","away",8466138,"c",2,"regular",345,382
20152016,20160531,30411,"sjs","away",8476881,"c",2,"regular",345,382
20152016,20160531,30411,"sjs","away",8468542,"d",1,"regular",445,482
20152016,20160531,30411,"sjs","away",8471392,"d",1,"regular",445,482
20152016,20160531,30411,"pit","home",8473933,"d",3,"regular",744,781
20152016,20160531,30411,"pit","home",8475208,"d",3,"regular",744,781
20152016,20160531,30411,"pit","home",8470543,"lw",3,"regular",744,781
20152016,20160531,30411,"pit","home",8471215,"c",3,"regular",744,781
20152016,20160531,30411,"sjs","away",8475455,"d",1,"regular",766,803
20152016,20160531,30411,"sjs","away",8464977,"c",1,"regular",766,803
20152016,20160531,30411,"sjs","away",8471392,"d",1,"regular",766,803
20152016,20160531,30411,"sjs","away",8470794,"c",2,"regular",968,1005
20152016,20160531,30411,"pit","home",8475832,"rw",2,"regular",970,1007
20152016,20160531,30411,"pit","home",8464989,"c",2,"regular",982,1019
20152016,20160531,30411,"pit","home",8475208,"d",3,"regular",1004,1041
20152016,20160531,30411,"sjs","away",8475820,"rw",2,"regular",0,38
20152016,20160531,30411,"sjs","away",8474053,"c",2,"regular",0,38
20152016,20160531,30411,"sjs","away",8475455,"d",3,"regular",81,119
20152016,20160531,30411,"sjs","away",8471392,"d",3,"regular",81,119
20152016,20160531,30411,"pit","home",8471675,"c",1,"regular",140,178
20152016,20160531,30411,"pit","home",8471887,"rw",2,"regular",182,220
20152016,20160531,30411,"sjs","away",8474027,"d",2,"regular",182,220
20152016,20160531,30411,"sjs","away",8477922,"c",2,"regular",182,220
20152016,20160531,30411,"sjs","away",8468542,"d",2,"regular",182,220
20152016,20160531,30411,"sjs","away",8466138,"c",3,"regular",220,258
20152016,20160531,30411,"sjs","away",8470613,"d",2,"regular",245,283
20152016,20160531,30411,"sjs","away",8470794,"c",2,"regular",245,283
20152016,20160531,30411,"sjs","away",8466138,"c",2,"regular",245,283
20152016,20160531,30411,"sjs","away",8471709,"d",1,"regular",258,296
20152016,20160531,30411,"pit","home",8475208,"d",1,"regular",463,501
20152016,20160531,30411,"pit","home",8471724,"d",1,"regular",463,501
20152016,20160531,30411,"sjs","away",8468208,"rw",1,"regular",466,504
20152016,20160531,30411,"pit","home",8464989,"c",2,"regular",477,515
20152016,20160531,30411,"pit","home",8475832,"rw",2,"regular",477,515
20152016,20160531,30411,"sjs","away",8477922,"c",3,"regular",507,545
20152016,20160531,30411,"sjs","away",8470613,"d",1,"regular",697,735
20152016,20160531,30411,"sjs","away",8470794,"c",1,"regular",697,735
20152016,20160531,30411,"sjs","away",8466138,"c",1,"regular",697,735
20152016,20160531,30411,"sjs","away",8468542,"d",1,"regular",697,735
20152016,20160531,30411,"sjs","away",8476881,"c",1,"regular",697,735
20152016,20160531,30411,"pit","home",8475208,"d",1,"regular",697,735
20152016,20160531,30411,"pit","home",8471724,"d",1,"regular",697,735
20152016,20160531,30411,"sjs","away",8466139,"lw",3,"regular",779,817
20152016,20160531,30411,"pit","home",8474013,"d",3,"regular",781,819
20152016,20160531,30411,"pit","home",8474602,"d",3,"regular",781,819
20152016,20160531,30411,"pit","home",8471675,"c",3,"regular",781,819
20152016,20160531,30411,"pit","home",8464989,"c",1,"regular",893,931
20152016,20160531,30411,"sjs","away",8477922,"c",1,"regular",937,975
20152016,20160531,30411,"sjs","away",8476919,"c",3,"regular",954,992
20152016,20160531,30411,"sjs","away",8475455,"d",1,"regular",104,143
20152016,20160531,30411,"sjs","away",8471392,"d",1,"regular",104,143
20152016,20160531,30411,"pit","home",8473933,"d",1,"regular",133,172
20152016,20160531,30411,"sjs","away",8471709,"d",3,"regular",159,198
20152016,20160531,30411,"pit","home",8475810,"rw",3,"regular",248,287
20152016,20160531,30411,"pit","home",8473933,"d",3,"regular",586,625
20152016,20160531,30411,"sjs","away",8476919,"c",3,"regular",625,664
20152016,20160531,30411,"sjs","away",8468208,"rw",3,"regular",625,664
20152016,20160531,30411,"sjs","away",8477922,"c",3,"regular",625,664
20152016,20160531,30411,"sjs","away",8466138,"c",3,"regular",718,757
20152016,20160531,30411,"pit","home",8470611,"c",3,"regular",823,862
20152016,20160531,30411,"pit","home",8464989,"c",3,"regular",823,862
20152016,20160531,30411,"sjs","away",8468542,"d",1,"regular",828,867
20152016,20160531,30411,"pit","home",8474013,"d",1,"regular",939,978
20152016,20160531,30411,"pit","home",8474602,"d",1,"regular",1095,1134
20152016,20160531,30411,"pit","home",8471887,"rw",2,"regular",0,40
20152016,20160531,30411,"pit","home",8471675,"c",2,"regular",0,40
20152016,20160531,30411,"sjs","away",8466139,"lw",2,"regular",0,40
20152016,20160531,30411,"sjs","away",8475820,"rw",1,"regular",9,49
20152016,20160531,30411,"sjs","away",8474027,"d",1,"regular",9,49
20152016,20160531,30411,"sjs","away",8474053,"c",1,"regular",9,49
20152016,20160531,30411,"sjs","away",8466139,"lw",1,"regular",9,49
20152016,20160531,30411,"pit","home",8473933,"d",1,"regular",29,69
20152016,20160531,30411,"pit","home",8473548,"rw",1,"regular",29,69
20152016,20160531,30411,"pit","home",8474602,"d",1,"regular",93,133
20152016,20160531,30411,"sjs","away",8468542,"d",3,"regular",119,159
20152016,20160531,30411,"pit","home",8473548,"rw",3,"regular",168,208
20152016,20160531,30411,"pit","home",8475810,"rw",1,"regular",178,218
20152016,20160531,30411,"pit","home",8471887,"rw",3,"regular",208,248
20152016,20160531,30411,"pit","home",8476874,"d",1,"regular",218,258
20152016,20160531,30411,"pit","home",8473548,"rw",1,"regular",218,258
20152016,20160531,30411,"sjs","away",8475455,"d",3,"regular",247,287
20152016,20160531,30411,"sjs","away",8471392,"d",3,"regular",247,287
20152016,20160531,30411,"sjs","away",8470794,"c",2,"regular",345,385
20152016,20160531,30411,"pit","home",8471887,"rw",3,"regular",476,516
20152016,20160531,30411,"sjs","away",8471709,"d",2,"regular",1019,1059
20152016,20160531,30411,"pit","home",8475208,"d",2,"regular",1092,1132
20152016,20160531,30411,"pit","home",8475810,"rw",2,"regular",1092,1132
20152016,20160531,30411,"pit","home",8470543,"lw",2,"regular",1092,1132
20152016,20160531,30411,"pit","home",8471215,"c",2,"regular",1092,1132
20152016,20160531,30411,"sjs","away",8470794,"c",2,"regular",1092,1132
20152016,20160531,30411,"sjs","away",8466138,"c",2,"regular",1092,1132
20152016,20160531,30411,"sjs","away",8476881,"c",2,"regular",1092,1132
20152016,20160531,30411,"sjs","away",8474739,"c",1,"regular",1130,1170
20152016,20160531,30411,"pit","home",8474013,"d",3,"regular",1160,1200
20152016,20160531,30411,"pit","home",8475832,"rw",2,"regular",245,286
20152016,20160531,30411,"sjs","away",8475455,"d",1,"regular",404,445
20152016,20160531,30411,"sjs","away",8477922,"c",1,"regular",472,513
20152016,20160531,30411,"sjs","away",8470794,"c",3,"regular",716,757
20152016,20160531,30411,"pit","home",8477839,"lw",3,"regular",918,959
20152016,20160531,30411,"pit","home",8471887,"rw",3,"regular",918,959
20152016,20160531,30411,"sjs","away",8466138,"c",2,"regular",974,1015
20152016,20160531,30411,"sjs","away",8470794,"c",1,"regular",999,1040
20152016,20160531,30411,"sjs","away",8466138,"c",1,"regular",999,1040
20152016,20160531,30411,"sjs","away",8476881,"c",1,"regular",999,1040
20152016,20160531,30411,"pit","home",8475208,"d",1,"regular",999,1040
20152016,20160531,30411,"pit","home",8471724,"d",1,"regular",999,1040
20152016,20160531,30411,"pit","home",8470543,"lw",1,"regular",0,42
20152016,20160531,30411,"pit","home",8477839,"lw",2,"regular",182,224
20152016,20160531,30411,"pit","home",8474013,"d",2,"regular",182,224
20152016,20160531,30411,"pit","home",8474602,"d",2,"regular",182,224
20152016,20160531,30411,"pit","home",8471675,"c",2,"regular",182,224
20152016,20160531,30411,"pit","home",8476874,"d",3,"regular",463,505
20152016,20160531,30411,"pit","home",8477839,"lw",1,"regular",471,513
20152016,20160531,30411,"pit","home",8471887,"rw",1,"regular",471,513
20152016,20160531,30411,"pit","home",8471675,"c",1,"regular",471,513
20152016,20160531,30411,"sjs","away",8470613,"d",1,"regular",534,576
20152016,20160531,30411,"sjs","away",8468542,"d",1,"regular",534,576
20152016,20160531,30411,"pit","home",8477839,"lw",3,"regular",625,667
20152016,20160531,30411,"pit","home",8474013,"d",3,"regular",625,667
20152016,20160531,30411,"pit","home",8471887,"rw",3,"regular",625,667
20152016,20160531,30411,"pit","home",8471675,"c",3,"regular",625,667
20152016,20160531,30411,"pit","home",8477839,"lw",3,"regular",781,823
20152016,20160531,30411,"sjs","away",8474027,"d",2,"regular",844,886
20152016,20160531,30411,"sjs","away",8471709,"d",2,"regular",844,886
20152016,20160531,30411,"sjs","away",8474027,"d",3,"regular",912,954
20152016,20160531,30411,"sjs","away",8471709,"d",3,"regular",912,954
20152016,20160531,30411,"sjs","away",8466139,"lw",3,"regular",912,954
20152016,20160531,30411,"pit","home",8474602,"d",3,"regular",950,992
20152016,20160531,30411,"sjs","away",8474027,"d",3,"regular",25,68
20152016,20160531,30411,"sjs","away",8474053,"c",3,"regular",25,68
20152016,20160531,30411,"sjs","away",8471709,"d",3,"regular",25,68
20152016,20160531,30411,"pit","home",8475208,"d",2,"regular",245,288
20152016,20160531,30411,"pit","home",8471724,"d",2,"regular",245,288
20152016,20160531,30411,"sjs","away",8474096,"c",2,"regular",408,451
20152016,20160531,30411,"sjs","away",8474739,"c",2,"regular",408,451
20152016,20160531,30411,"sjs","away",8476919,"c",1,"regular",470,513
20152016,20160531,30411,"sjs","away",8474027,"d",3,"regular",502,545
20152016,20160531,30411,"sjs","away",8471709,"d",3,"regular",502,545
20152016,20160531,30411,"sjs","away",8476881,"c",3,"regular",736,779
20152016,20160531,30411,"pit","home",8473548,"rw",3,"regular",744,787
20152016,20160531,30411,"pit","home",8477839,"lw",1,"regular",939,982
20152016,20160531,30411,"pit","home",8471887,"rw",1,"regular",939,982
20152016,20160531,30411,"pit","home",8464989,"c",3,"regular",959,1002
20152016,20160531,30411,"sjs","away",8470613,"d",3,"regular",1004,1047
20152016,20160531,30411,"sjs","away",8470794,"c",3,"regular",1004,1047
20152016,20160531,30411,"sjs","away",8466138,"c",3,"regular",1004,1047
20152016,20160531,30411,"sjs","away",8468542,"d",3,"regular",1004,1047
20152016,20160531,30411,"sjs","away",8476881,"c",3,"regular",1004,1047
20152016,20160531,30411,"pit","home",8474176,"lw",3,"regular",1004,1047
20152016,20160531,30411,"pit","home",8474009,"c",3,"regular",1004,1047
20152016,20160531,30411,"pit","home",8474176,"lw",3,"regular",1136,1179
20152016,20160531,30411,"pit","home",8474009,"c",3,"regular",1136,1179
20152016,20160531,30411,"sjs","away",8470794,"c",1,"regular",49,93
20152016,20160531,30411,"sjs","away",8466138,"c",1,"regular",49,93
20152016,20160531,30411,"sjs","away",8468542,"d",1,"regular",49,93
20152016,20160531,30411,"sjs","away",8476881,"c",1,"regular",49,93
20152016,20160531,30411,"sjs","away",8471709,"d",1,"regular",368,412
20152016,20160531,30411,"pit","home",8471724,"d",3,"regular",419,463
20152016,20160531,30411,"pit","home",8475832,"rw",3,"regular",419,463
20152016,20160531,30411,"sjs","away",8476881,"c",3,"regular",545,589
20152016,20160531,30411,"pit","home",8475832,"rw",2,"regular",677,721
20152016,20160531,30411,"sjs","away",8470613,"d",1,"regular",828,872
20152016,20160531,30411,"sjs","away",8474053,"c",1,"regular",885,929
20152016,20160531,30411,"sjs","away",8476919,"c",2,"regular",1015,1059
20152016,20160531,30411,"sjs","away",8474027,"d",2,"regular",1015,1059
20152016,20160531,30411,"pit","home",8474009,"c",2,"regular",1019,1063
20152016,20160531,30411,"pit","home",8477839,"lw",2,"regular",0,45
20152016,20160531,30411,"sjs","away",8471709,"d",2,"regular",0,45
20152016,20160531,30411,"pit","home",8476874,"d",3,"regular",133,178
20152016,20160531,30411,"pit","home",8473933,"d",2,"regular",288,333
20152016,20160531,30411,"pit","home",8476874,"d",2,"regular",288,333
20152016,20160531,30411,"pit","home",8470543,"lw",1,"regular",358,403
20152016,20160531,30411,"pit","home",8474176,"lw",1,"regular",403,448
20152016,20160531,30411,"pit","home",8473933,"d",3,"regular",463,508
20152016,20160531,30411,"sjs","away",8475820,"rw",3,"regular",757,802
20152016,20160531,30411,"sjs","away",8474027,"d",3,"regular",757,802
20152016,20160531,30411,"sjs","away",8474053,"c",3,"regular",757,802
20152016,20160531,30411,"sjs","away",8471709,"d",3,"regular",757,802
20152016,20160531,30411,"pit","home",8470543,"lw",3,"regular",959,1004
20152016,20160531,30411,"pit","home",8473548,"rw",3,"regular",1002,1047
20152016,20160531,30411,"pit","home",8471724,"d",1,"regular",172,218
20152016,20160531,30411,"pit","home",8471675,"c",3,"regular",202,248
20152016,20160531,30411,"sjs","away",8476881,"c",2,"regular",245,291
20152016,20160531,30411,"sjs","away",8474027,"d",2,"regular",283,329
20152016,20160531,30411,"sjs","away",8474096,"c",1,"regular",766,812
20152016,20160531,30411,"sjs","away",8474739,"c",1,"regular",766,812
20152016,20160531,30411,"pit","home",8475208,"d",1,"regular",893,939
20152016,20160531,30411,"pit","home",8470611,"c",1,"regular",893,939
20152016,20160531,30411,"pit","home",8471724,"d",1,"regular",893,939
20152016,20160531,30411,"pit","home",8475832,"rw",1,"regular",893,939
20152016,20160531,30411,"sjs","away",8476919,"c",1,"regular",929,975
20152016,20160531,30411,"pit","home",8473933,"d",2,"regular",0,47
20152016,20160531,30411,"pit","home",8476874,"d",2,"regular",0,47
20152016,20160531,30411,"pit","home",8470543,"lw",1,"regular",93,140
20152016,20160531,30411,"pit","home",8474013,"d",1,"regular",93,140
20152016,20160531,30411,"sjs","away",8464977,"c",1,"regular",124,171
20152016,20160531,30411,"sjs","away",8474096,"c",1,"regular",124,171
20152016,20160531,30411,"sjs","away",8474739,"c",1,"regular",124,171
20152016,20160531,30411,"pit","home",8464989,"c",2,"regular",677,724
20152016,20160531,30411,"sjs","away",8475455,"d",1,"regular",1040,1087
20152016,20160531,30411,"sjs","away",8474053,"c",2,"regular",283,331
20152016,20160531,30411,"pit","home",8477839,"lw",3,"regular",371,419
20152016,20160531,30411,"pit","home",8474602,"d",3,"regular",371,419
20152016,20160531,30411,"pit","home",8474009,"c",3,"regular",371,419
20152016,20160531,30411,"sjs","away",8474027,"d",3,"regular",371,419
20152016,20160531,30411,"sjs","away",8471709,"d",3,"regular",371,419
20152016,20160531,30411,"sjs","away",8476919,"c",3,"regular",502,550
20152016,20160531,30411,"sjs","away",8468208,"rw",3,"regular",502,550
20152016,20160531,30411,"pit","home",8475208,"d",2,"regular",777,825
20152016,20160531,30411,"sjs","away",8470613,"d",2,"regular",936,984
20152016,20160531,30411,"sjs","away",8468542,"d",2,"regular",936,984
20152016,20160531,30411,"pit","home",8474013,"d",2,"regular",1019,1067
20152016,20160531,30411,"pit","home",8474602,"d",2,"regular",1019,1067
20152016,20160531,30411,"pit","home",8471675,"c",1,"regular",0,49
20152016,20160531,30411,"sjs","away",8471709,"d",1,"regular",9,58
20152016,20160531,30411,"sjs","away",8466139,"lw",3,"regular",117,166
20152016,20160531,30411,"sjs","away",8474027,"d",3,"regular",149,198
20152016,20160531,30411,"pit","home",8471215,"c",1,"regular",178,227
20152016,20160531,30411,"sjs","away",8470613,"d",3,"regular",198,247
20152016,20160531,30411,"sjs","away",8464977,"c",3,"regular",198,247
20152016,20160531,30411,"sjs","away",8468542,"d",3,"regular",198,247
20152016,20160531,30411,"pit","home",8471724,"d",3,"regular",208,257
20152016,20160531,30411,"pit","home",8474176,"lw",1,"regular",209,258
20152016,20160531,30411,"sjs","away",8475455,"d",1,"regular",258,307
20152016,20160531,30411,"pit","home",8475208,"d",2,"regular",970,1019
20152016,20160531,30411,"sjs","away",8477922,"c",2,"regular",1010,1059
20152016,20160531,30411,"pit","home",8474176,"lw",1,"regular",1151,1200
20152016,20160531,30411,"pit","home",8474009,"c",1,"regular",1151,1200
20152016,20160531,30411,"pit","home",8473548,"rw",1,"regular",1151,1200
20152016,20160531,30411,"sjs","away",8474096,"c",3,"regular",18,68
20152016,20160531,30411,"sjs","away",8475820,"rw",3,"regular",114,164
20152016,20160531,30411,"pit","home",8477839,"lw",1,"regular",128,178
20152016,20160531,30411,"pit","home",8475208,"d",1,"regular",239,289
20152016,20160531,30411,"sjs","away",8475820,"rw",2,"regular",283,333
20152016,20160531,30411,"pit","home",8477839,"lw",2,"regular",515,565
20152016,20160531,30411,"pit","home",8471675,"c",2,"regular",515,565
20152016,20160531,30411,"sjs","away",8470794,"c",3,"regular",550,600
20152016,20160531,30411,"sjs","away",8466138,"c",3,"regular",550,600
20152016,20160531,30411,"pit","home",8474176,"lw",2,"regular",600,650
20152016,20160531,30411,"pit","home",8474009,"c",2,"regular",600,650
20152016,20160531,30411,"sjs","away",8468542,"d",3,"regular",862,912
20152016,20160531,30411,"sjs","away",8475455,"d",2,"regular",886,936
20152016,20160531,30411,"sjs","away",8471392,"d",2,"regular",886,936
20152016,20160531,30411,"sjs","away",8475455,"d",3,"regular",954,1004
20152016,20160531,30411,"sjs","away",8471392,"d",3,"regular",954,1004
20152016,20160531,30411,"sjs","away",8468542,"d",1,"regular",177,228
20152016,20160531,30411,"pit","home",8474009,"c",2,"regular",282,333
20152016,20160531,30411,"sjs","away",8475820,"rw",2,"regular",917,968
20152016,20160531,30411,"pit","home",8471675,"c",1,"regular",931,982
20152016,20160531,30411,"sjs","away",8474096,"c",1,"regular",1119,1170
20152016,20160531,30411,"pit","home",8473933,"d",3,"regular",81,133
20152016,20160531,30411,"sjs","away",8474053,"c",3,"regular",114,166
20152016,20160531,30411,"pit","home",8477839,"lw",3,"regular",202,254
20152016,20160531,30411,"sjs","away",8471709,"d",2,"regular",277,329
20152016,20160531,30411,"pit","home",8475208,"d",2,"regular",345,397
20152016,20160531,30411,"pit","home",8474013,"d",2,"regular",408,460
20152016,20160531,30411,"pit","home",8474602,"d",2,"regular",408,460
20152016,20160531,30411,"pit","home",8475208,"d",2,"regular",477,529
20152016,20160531,30411,"pit","home",8471724,"d",2,"regular",477,529
20152016,20160531,30411,"sjs","away",8470794,"c",2,"regular",477,529
20152016,20160531,30411,"sjs","away",8466138,"c",2,"regular",477,529
20152016,20160531,30411,"sjs","away",8476881,"c",2,"regular",477,529
20152016,20160531,30411,"sjs","away",8475455,"d",1,"regular",482,534
20152016,20160531,30411,"sjs","away",8471709,"d",1,"regular",482,534
20152016,20160531,30411,"sjs","away",8474739,"c",3,"regular",664,716
20152016,20160531,30411,"pit","home",8474009,"c",2,"regular",777,829
20152016,20160531,30411,"sjs","away",8466139,"lw",1,"regular",885,937
20152016,20160531,30411,"pit","home",8471675,"c",1,"regular",1095,1147
20152016,20160531,30411,"sjs","away",8470794,"c",2,"regular",74,127
20152016,20160531,30411,"sjs","away",8466138,"c",2,"regular",74,127
20152016,20160531,30411,"sjs","away",8474053,"c",2,"regular",74,127
20152016,20160531,30411,"sjs","away",8466139,"lw",2,"regular",74,127
20152016,20160531,30411,"pit","home",8475810,"rw",3,"regular",115,168
20152016,20160531,30411,"pit","home",8470543,"lw",3,"regular",115,168
20152016,20160531,30411,"pit","home",8471215,"c",3,"regular",115,168
20152016,20160531,30411,"pit","home",8471675,"c",2,"regular",333,386
20152016,20160531,30411,"sjs","away",8475455,"d",3,"regular",449,502
20152016,20160531,30411,"sjs","away",8475820,"rw",3,"regular",449,502
20152016,20160531,30411,"sjs","away",8474053,"c",3,"regular",449,502
20152016,20160531,30411,"sjs","away",8471392,"d",3,"regular",449,502
20152016,20160531,30411,"pit","home",8477839,"lw",3,"regular",463,516
20152016,20160531,30411,"pit","home",8474602,"d",3,"regular",505,558
20152016,20160531,30411,"pit","home",8471215,"c",3,"regular",549,602
20152016,20160531,30411,"sjs","away",8470613,"d",3,"regular",611,664
20152016,20160531,30411,"sjs","away",8468542,"d",3,"regular",611,664
20152016,20160531,30411,"pit","home",8471215,"c",2,"regular",724,777
20152016,20160531,30411,"sjs","away",8470613,"d",2,"regular",791,844
20152016,20160531,30411,"sjs","away",8466138,"c",2,"regular",791,844
20152016,20160531,30411,"sjs","away",8468542,"d",2,"regular",791,844
20152016,20160531,30411,"sjs","away",8476881,"c",2,"regular",791,844
20152016,20160531,30411,"sjs","away",8474027,"d",1,"regular",929,982
20152016,20160531,30411,"sjs","away",8471709,"d",1,"regular",929,982
20152016,20160531,30411,"pit","home",8474602,"d",1,"regular",939,992
20152016,20160531,30411,"sjs","away",8474096,"c",3,"regular",664,718
20152016,20160531,30411,"sjs","away",8468542,"d",3,"regular",802,856
20152016,20160531,30411,"sjs","away",8468208,"rw",2,"regular",1005,1059
20152016,20160531,30411,"sjs","away",8475820,"rw",1,"regular",1040,1094
20152016,20160531,30411,"sjs","away",8474053,"c",1,"regular",1040,1094
20152016,20160531,30411,"sjs","away",8466139,"lw",1,"regular",1040,1094
20152016,20160531,30411,"sjs","away",8471392,"d",1,"regular",1040,1094
20152016,20160531,30411,"sjs","away",8475820,"rw",2,"regular",127,182
20152016,20160531,30411,"sjs","away",8471709,"d",2,"regular",127,182
20152016,20160531,30411,"sjs","away",8476881,"c",2,"regular",127,182
20152016,20160531,30411,"pit","home",8471887,"rw",2,"regular",333,388
20152016,20160531,30411,"sjs","away",8470794,"c",3,"regular",394,449
20152016,20160531,30411,"sjs","away",8476881,"c",3,"regular",394,449
20152016,20160531,30411,"sjs","away",8470613,"d",3,"regular",545,600
20152016,20160531,30411,"pit","home",8474602,"d",3,"regular",625,680
20152016,20160531,30411,"pit","home",8473933,"d",1,"regular",1040,1095
20152016,20160531,30411,"pit","home",8475810,"rw",1,"regular",1040,1095
20152016,20160531,30411,"pit","home",8470543,"lw",1,"regular",1040,1095
20152016,20160531,30411,"pit","home",8471215,"c",1,"regular",1040,1095
20152016,20160531,30411,"pit","home",8476874,"d",1,"regular",1040,1095
20152016,20160531,30411,"pit","home",8471215,"c",1,"regular",93,149
20152016,20160531,30411,"sjs","away",8464977,"c",3,"regular",315,371
20152016,20160531,30411,"sjs","away",8476919,"c",2,"regular",594,650
20152016,20160531,30411,"sjs","away",8468208,"rw",2,"regular",594,650
20152016,20160531,30411,"sjs","away",8477922,"c",2,"regular",594,650
20152016,20160531,30411,"pit","home",8475208,"d",1,"regular",610,666
20152016,20160531,30411,"pit","home",8474602,"d",1,"regular",610,666
20152016,20160531,30411,"pit","home",8470543,"lw",2,"regular",721,777
20152016,20160531,30411,"pit","home",8474009,"c",3,"regular",862,918
20152016,20160531,30411,"pit","home",8473548,"rw",3,"regular",862,918
20152016,20160531,30411,"sjs","away",8475820,"rw",1,"regular",885,941
20152016,20160531,30411,"pit","home",8477839,"lw",1,"regular",1095,1151
20152016,20160531,30411,"pit","home",8471887,"rw",1,"regular",1095,1151
20152016,20160531,30411,"pit","home",8476874,"d",3,"regular",1104,1160
20152016,20160531,30411,"sjs","away",8475820,"rw",1,"regular",171,228
20152016,20160531,30411,"sjs","away",8474053,"c",1,"regular",171,228
20152016,20160531,30411,"sjs","away",8466139,"lw",1,"regular",171,228
20152016,20160531,30411,"pit","home",8471215,"c",2,"regular",386,443
20152016,20160531,30411,"pit","home",8470611,"c",3,"regular",419,476
20152016,20160531,30411,"pit","home",8473548,"rw",2,"regular",593,650
20152016,20160531,30411,"sjs","away",8470794,"c",1,"regular",828,885
20152016,20160531,30411,"sjs","away",8466138,"c",1,"regular",828,885
20152016,20160531,30411,"sjs","away",8476881,"c",1,"regular",828,885
20152016,20160531,30411,"sjs","away",8471392,"d",1,"regular",872,929
20152016,20160531,30411,"pit","home",8475810,"rw",2,"regular",913,970
20152016,20160531,30411,"pit","home",8470543,"lw",2,"regular",913,970
20152016,20160531,30411,"sjs","away",8470613,"d",2,"regular",329,387
20152016,20160531,30411,"sjs","away",8468542,"d",2,"regular",329,387
20152016,20160531,30411,"sjs","away",8466139,"lw",3,"regular",449,507
20152016,20160531,30411,"sjs","away",8474096,"c",2,"regular",712,770
20152016,20160531,30411,"sjs","away",8470613,"d",1,"regular",982,1040
20152016,20160531,30411,"sjs","away",8468542,"d",1,"regular",982,1040
20152016,20160531,30411,"pit","home",8474176,"lw",1,"regular",982,1040
20152016,20160531,30411,"pit","home",8474009,"c",1,"regular",982,1040
20152016,20160531,30411,"pit","home",8473548,"rw",1,"regular",982,1040
20152016,20160531,30411,"pit","home",8471675,"c",3,"regular",490,549
20152016,20160531,30411,"sjs","away",8470794,"c",2,"regular",791,850
20152016,20160531,30411,"pit","home",8471675,"c",3,"regular",918,978
20152016,20160531,30411,"pit","home",8474176,"lw",2,"regular",1007,1067
20152016,20160531,30411,"sjs","away",8470794,"c",1,"regular",228,289
20152016,20160531,30411,"sjs","away",8466138,"c",1,"regular",228,289
20152016,20160531,30411,"sjs","away",8474027,"d",1,"regular",307,368
20152016,20160531,30411,"pit","home",8471887,"rw",2,"regular",504,565
20152016,20160531,30411,"pit","home",8474013,"d",1,"regular",735,796
20152016,20160531,30411,"pit","home",8474602,"d",1,"regular",735,796
20152016,20160531,30411,"pit","home",8474176,"lw",2,"regular",777,838
20152016,20160531,30411,"pit","home",8471724,"d",2,"regular",777,838
20152016,20160531,30411,"pit","home",8473548,"rw",2,"regular",777,838
20152016,20160531,30411,"sjs","away",8471392,"d",3,"regular",695,757
20152016,20160531,30411,"sjs","away",8475455,"d",1,"regular",867,929
20152016,20160531,30411,"pit","home",8471724,"d",3,"regular",115,178
20152016,20160531,30411,"pit","home",8473548,"rw",2,"regular",270,333
20152016,20160531,30411,"pit","home",8477839,"lw",1,"regular",295,358
20152016,20160531,30411,"pit","home",8471724,"d",2,"regular",345,408
20152016,20160531,30411,"pit","home",8470543,"lw",3,"regular",356,419
20152016,20160531,30411,"pit","home",8470543,"lw",2,"regular",397,460
20152016,20160531,30411,"sjs","away",8468542,"d",3,"regular",545,608
20152016,20160531,30411,"sjs","away",8474739,"c",2,"regular",712,775
20152016,20160531,30411,"sjs","away",8476919,"c",2,"regular",844,907
20152016,20160531,30411,"sjs","away",8468208,"rw",3,"regular",1122,1185
20152016,20160531,30411,"pit","home",8476874,"d",3,"regular",680,744
20152016,20160531,30411,"pit","home",8471724,"d",3,"regular",983,1047
20152016,20160531,30411,"pit","home",8471724,"d",3,"regular",1136,1200
20152016,20160531,30411,"pit","home",8475810,"rw",2,"regular",712,777
20152016,20160531,30411,"pit","home",8474013,"d",2,"regular",712,777
20152016,20160531,30411,"pit","home",8474602,"d",2,"regular",712,777
20152016,20160531,30411,"sjs","away",8476881,"c",3,"regular",847,912
20152016,20160531,30411,"pit","home",8473548,"rw",2,"regular",1002,1067
20152016,20160531,30411,"sjs","away",8476881,"c",1,"regular",228,294
20152016,20160531,30411,"pit","home",8475810,"rw",2,"regular",388,454
20152016,20160531,30411,"sjs","away",8477922,"c",2,"regular",844,910
20152016,20160531,30411,"pit","home",8475208,"d",1,"regular",1134,1200
20152016,20160531,30411,"sjs","away",8476881,"c",3,"regular",1134,1200
20152016,20160531,30411,"pit","home",8470543,"lw",1,"regular",610,677
20152016,20160531,30411,"pit","home",8477839,"lw",1,"regular",610,677
20152016,20160531,30411,"pit","home",8474009,"c",1,"regular",610,677
20152016,20160531,30411,"sjs","away",8475455,"d",3,"regular",690,757
20152016,20160531,30411,"pit","home",8471724,"d",3,"regular",851,918
20152016,20160531,30411,"pit","home",8473548,"rw",1,"regular",403,471
20152016,20160531,30411,"sjs","away",8470613,"d",1,"regular",606,674
20152016,20160531,30411,"sjs","away",8476919,"c",1,"regular",606,674
20152016,20160531,30411,"sjs","away",8477922,"c",1,"regular",606,674
20152016,20160531,30411,"sjs","away",8468542,"d",1,"regular",606,674
20152016,20160531,30411,"pit","home",8474602,"d",2,"regular",1132,1200
20152016,20160531,30411,"pit","home",8471887,"rw",2,"regular",1132,1200
20152016,20160531,30411,"pit","home",8473548,"rw",2,"regular",1132,1200
20152016,20160531,30411,"pit","home",8471675,"c",2,"regular",1132,1200
20152016,20160531,30411,"sjs","away",8474027,"d",2,"regular",1132,1200
20152016,20160531,30411,"pit","home",8471887,"rw",3,"regular",287,356
20152016,20160531,30411,"pit","home",8471215,"c",2,"regular",913,982
20152016,20160531,30411,"pit","home",8471887,"rw",3,"regular",0,70
20152016,20160531,30411,"pit","home",8473548,"rw",3,"regular",0,70
20152016,20160531,30411,"pit","home",8471675,"c",3,"regular",0,70
20152016,20160531,30411,"sjs","away",8474096,"c",3,"regular",300,371
20152016,20160531,30411,"pit","home",8464989,"c",3,"regular",419,490
20152016,20160531,30411,"pit","home",8474176,"lw",3,"regular",847,918
20152016,20160531,30411,"pit","home",8471724,"d",1,"regular",1129,1200
20152016,20160531,30411,"sjs","away",8468542,"d",1,"regular",296,368
20152016,20160531,30411,"sjs","away",8464977,"c",3,"regular",664,736
20152016,20160531,30411,"sjs","away",8470794,"c",3,"regular",847,919
20152016,20160531,30411,"sjs","away",8466138,"c",3,"regular",847,919
20152016,20160531,30411,"pit","home",8471887,"rw",1,"regular",295,368
20152016,20160531,30411,"pit","home",8471675,"c",1,"regular",295,368
20152016,20160531,30411,"sjs","away",8477922,"c",1,"regular",294,368
20152016,20160531,30411,"sjs","away",8474027,"d",2,"regular",477,551
20152016,20160531,30411,"sjs","away",8471709,"d",2,"regular",477,551
20152016,20160531,30411,"pit","home",8473548,"rw",3,"regular",551,625
20152016,20160531,30411,"pit","home",8477839,"lw",2,"regular",838,913
20152016,20160531,30411,"pit","home",8471887,"rw",2,"regular",838,913
20152016,20160531,30411,"pit","home",8471724,"d",1,"regular",534,610
20152016,20160531,30411,"pit","home",8471887,"rw",1,"regular",534,610
20152016,20160531,30411,"pit","home",8473548,"rw",1,"regular",534,610
20152016,20160531,30411,"pit","home",8471675,"c",1,"regular",534,610
20152016,20160531,30411,"sjs","away",8474027,"d",1,"regular",1094,1170
20152016,20160531,30411,"sjs","away",8477922,"c",1,"regular",1094,1170
20152016,20160531,30411,"pit","home",8475208,"d",3,"regular",208,285
20152016,20160531,30411,"pit","home",8477839,"lw",2,"regular",320,397
20152016,20160531,30411,"pit","home",8471724,"d",2,"regular",600,677
20152016,20160531,30411,"pit","home",8470611,"c",3,"regular",667,744
20152016,20160531,30411,"pit","home",8471724,"d",3,"regular",667,744
20152016,20160531,30411,"pit","home",8464989,"c",3,"regular",667,744
20152016,20160531,30411,"pit","home",8475832,"rw",3,"regular",667,744
20152016,20160531,30411,"pit","home",8474013,"d",3,"regular",508,586
20152016,20160531,30411,"pit","home",8470543,"lw",3,"regular",516,594
20152016,20160531,30411,"sjs","away",8476919,"c",1,"regular",289,368
20152016,20160531,30411,"sjs","away",8468208,"rw",1,"regular",289,368
20152016,20160531,30411,"pit","home",8474013,"d",1,"regular",289,368
20152016,20160531,30411,"pit","home",8474602,"d",3,"regular",0,80
20152016,20160531,30411,"pit","home",8471724,"d",3,"regular",0,80
20152016,20160531,30411,"pit","home",8475208,"d",2,"regular",597,677
20152016,20160531,30411,"pit","home",8474602,"d",1,"regular",289,372
20152016,20160531,30411,"sjs","away",8468542,"d",2,"regular",551,634
20152016,20160531,30411,"pit","home",8471724,"d",3,"regular",287,371
20152016,20160531,30411,"pit","home",8473548,"rw",3,"regular",287,371
20152016,20160531,30411,"pit","home",8471675,"c",3,"regular",287,371
20152016,20160531,30411,"sjs","away",8470613,"d",3,"regular",287,371
20152016,20160531,30411,"sjs","away",8468542,"d",3,"regular",287,371
20152016,20160531,30411,"pit","home",8471675,"c",2,"regular",829,913
20152016,20160531,30411,"pit","home",8476874,"d",2,"regular",825,910
20152016,20160531,30411,"sjs","away",8468208,"rw",2,"regular",127,213
20152016,20160531,30411,"sjs","away",8470613,"d",2,"regular",551,637
20152016,20160531,30411,"sjs","away",8466139,"lw",3,"regular",1047,1134
20152016,20160531,30411,"pit","home",8474602,"d",2,"regular",910,998
20152016,20160531,30411,"pit","home",8475208,"d",3,"regular",371,463
20152016,20160531,30411,"sjs","away",8466139,"lw",2,"regular",677,770
20152016,20160531,30411,"pit","home",8471215,"c",1,"regular",513,610
20152016,20160531,30411,"sjs","away",8475455,"d",2,"regular",677,782
20152016,20160531,30411,"sjs","away",8471392,"d",2,"regular",677,782
20152016,20160531,30411,"sjs","away",8470613,"d",2,"regular",74,182
20152016,20160531,30411,"pit","home",8471724,"d",2,"regular",1092,1200
20152016,20160531,30411,"sjs","away",8471709,"d",2,"regular",1092,1200
20152016,20160531,30411,"pit","home",8474013,"d",2,"regular",861,970
20152016,20160531,30411,"sjs","away",8470613,"d",3,"regular",1071,1180
20152016,20160531,30411,"sjs","away",8470613,"d",3,"regular",802,912
20152016,20160531,30411,"sjs","away",8471709,"d",1,"regular",1087,1200
20152016,20160531,30411,"pit","home",8471215,"c",3,"regular",248,371
20152016,20160531,30411,"sjs","away",8470794,"c",3,"regular",1071,1200
20152016,20160531,30411,"sjs","away",8466138,"c",3,"regular",1071,1200
20152016,20160531,30411,"sjs","away",8474053,"c",3,"regular",1047,1185
20152016,20160531,30411,"sjs","away",8474889,"g",3,"regular",0,1122
20152016,20160531,30411,"pit","home",8476899,"g",1,"regular",0,1200
20152016,20160531,30411,"sjs","away",8474889,"g",1,"regular",0,1200
20152016,20160531,30411,"pit","home",8476899,"g",2,"regular",0,1200
20152016,20160531,30411,"sjs","away",8474889,"g",2,"regular",0,1200
20152016,20160531,30411,"pit","home",8476899,"g",3,"regular",0,1200
